经销商报价,纯电续航里程(km),快充时间,慢充时间,快充电量(%),最高车速(km/h),官方百公里加速时间(s),百公里耗电量(kWh/100km),长(mm),宽(mm),高(mm),轴距(mm),前轮距(mm),后轮距(mm),车门数(个),座位数(个),整备质量(kg),电动机总功率(kW),电动机总马力(Ps),电动机总扭矩(N·m),磷酸铁锂,三元锂,其它,电池容量(kWh)
28.89,545,1,10,79.92343032,217,6.9,12.7,4750,1921,1624,2890,1636,1636,5,5,1929,194,264,340,1,0,0,60
35.79,660,1,10,79.92343032,217,5,13.4,4750,1921,1624,2890,1636,1636,5,5,1997,331,450,559,0,1,0,78.4
39.79,615,1,10,79.92343032,250,3.7,14.4,4750,1921,1624,2890,1646,1630,5,5,2010,357,486,659,0,1,0,78.4
18.39,515,0.42,9.584863481,80,170,5.9,12.3,4820,1890,1480,2900,1620,1630,5,5,1725,190,258,320,0,1,0,58.1
21.59,705,0.58,9.584863481,80,170,6.9,12.9,4820,1890,1480,2900,1620,1630,5,5,1825,160,218,320,0,1,0,79.97
26.59,556,1,10,79.92343032,225,6.1,12.6,4694,1850,1443,2875,1580,1580,4,5,1761,194,264,340,1,0,0,60
34.99,675,1,10,79.92343032,261,3.3,13.5,4694,1850,1443,2875,1580,1580,4,5,1836,357,486,659,0,1,0,78.4
20.98,550,0.5,8.77,80,180,7.5,12.6,4800,1875,1460,2920,1620,1625,4,5,1885,150,204,310,1,0,0,61.4
22.28,550,0.5,8.77,80,180,7.5,12.6,4800,1875,1460,2920,1620,1625,4,5,1885,150,204,310,1,0,0,61.4
25.98,700,0.5,11.79,80,180,5.9,13,4800,1875,1460,2920,1620,1625,4,5,2015,230,313,360,1,0,0,82.5
28.68,650,0.5,11.79,80,180,3.8,14.6,4800,1875,1460,2920,1620,1625,4,5,2150,390,530,670,1,0,0,82.5
11.28,405,0.5,6.41,80,150,10.9,11,4125,1770,1570,2700,1530,1530,5,5,1405,70,95,180,1,0,0,44.9
11.78,405,0.5,6.41,80,150,10.9,11,4125,1770,1570,2700,1530,1530,5,5,1405,70,95,180,1,0,0,44.9
13.08,401,0.5,6.41,80,160,7.5,11.3,4150,1770,1570,2700,1530,1530,5,5,1450,130,177,290,1,0,0,44.9
26.98,715,0.5,12.2,80,185,7.9,13.5,4995,1910,1495,2920,1640,1640,4,5,2100,180,245,350,1,0,0,85.4
28.75,715,0.5,12.2,80,185,7.9,13.5,4995,1910,1495,2920,1640,1640,4,5,2100,180,245,350,1,0,0,85.4
28.86,610,0.5,12.2,80,185,3.9,14.9,4995,1910,1495,2920,1640,1640,4,5,2250,380,517,700,1,0,0,85.4
32.98,610,0.5,12.2,80,185,3.9,14.9,4995,1910,1495,2920,1640,1640,4,5,2250,380,517,700,1,0,0,85.4
21.48,506,0.42,9.26,80,185,7.9,13.9,4980,1910,1495,2920,1640,1640,4,5,1940,163,222,330,1,0,0,64.8
23.48,605,0.42,10.99,80,185,7.9,13.9,4980,1910,1495,2920,1640,1640,4,5,2020,163,222,330,1,0,0,76.9
29.9,732,0.609070465,9.584863481,79.92343032,200,6.9,14.7,4970,1999,1560,3005,1713,1726,5,5,2225,200,272,384,0,1,0,100
29.9,536,0.609070465,9.584863481,79.92343032,200,3.8,17.4,4970,1999,1560,3005,1713,1726,5,5,2290,400,544,768,0,1,0,86
34.9,616,0.609070465,9.584863481,79.92343032,200,3.8,17.5,4970,1999,1560,3005,1713,1726,5,5,2350,400,544,768,0,1,0,100
38.6,650,0.609070465,9.584863481,79.92343032,200,3.8,16.5,4970,1999,1548,3005,1713,1726,5,5,2350,400,544,768,0,1,0,100
13.78,430,0.5,7.13,80,160,7.3,12.2,4455,1875,1615,2720,1575,1580,5,5,1615,150,204,310,1,0,0,49.92
14.48,430,0.5,7.13,80,160,7.3,12.2,4455,1875,1615,2720,1575,1580,5,5,1615,150,204,310,1,0,0,49.92
14.78,510,0.5,8.64,80,160,7.3,12.5,4455,1875,1615,2720,1575,1580,5,5,1690,150,204,310,1,0,0,60.48
15.78,510,0.5,8.64,80,160,7.3,12.5,4455,1875,1615,2720,1575,1580,5,5,1690,150,204,310,1,0,0,60.48
16.58,510,0.5,8.64,80,160,7.3,12.5,4455,1875,1615,2720,1575,1580,5,5,1690,150,204,310,1,0,0,60.48
13.98,510,0.609070465,9.584863481,79.92343032,150,7.028394004,13.7,4535,1870,1650,2750,1600,1600,5,5,1735,150,204,225,1,0,0,63.98
14.98,510,0.609070465,9.584863481,79.92343032,150,7.028394004,13.7,4535,1870,1650,2750,1600,1600,5,5,1750,150,204,225,1,0,0,63.98
15.98,510,0.609070465,9.584863481,79.92343032,150,7.028394004,13.7,4535,1870,1650,2750,1600,1600,5,5,1750,150,204,225,1,0,0,63.98
15.98,610,0.609070465,9.584863481,79.92343032,150,7.028394004,13.8,4535,1870,1650,2750,1600,1600,5,5,1750,150,204,225,0,1,0,76.8
16.98,610,0.609070465,9.584863481,79.92343032,150,7.028394004,13.8,4535,1870,1650,2750,1600,1600,5,5,1765,150,204,225,0,1,0,76.8
17.98,610,0.609070465,9.584863481,79.92343032,150,7.028394004,13.8,4535,1870,1650,2750,1600,1600,5,5,1765,150,204,225,0,1,0,76.8
13.76,500,0.57,9.5,80,150,7.028394004,13.8,4410,1870,1645,2750,1600,1600,5,5,1725,135,184,225,1,0,0,63.98
13.76,500,0.57,9.5,80,150,7.028394004,13.8,4410,1870,1645,2750,1600,1600,5,5,1725,135,184,225,1,0,0,63.98
14.76,500,0.57,9.5,80,150,7.028394004,13.8,4410,1870,1645,2750,1600,1600,5,5,1725,135,184,225,1,0,0,63.98
15.76,500,0.57,9.5,80,150,7.028394004,13.8,4410,1870,1645,2750,1600,1600,5,5,1725,135,184,225,1,0,0,63.98
15.76,500,0.57,9.5,80,150,7.028394004,13.8,4410,1870,1645,2750,1600,1600,5,5,1740,135,184,225,1,0,0,63.98
17.98,500,0.57,9.5,80,150,7.028394004,13.8,4410,1870,1645,2750,1600,1600,5,5,1725,135,184,225,1,0,0,63.98
16.26,600,0.57,9.5,80,150,7.028394004,13.8,4410,1870,1645,2750,1600,1600,5,5,1760,135,184,225,0,1,0,76.8
17.56,600,0.57,9.5,80,150,7.028394004,13.8,4410,1870,1645,2750,1600,1600,5,5,1760,135,184,225,0,1,0,76.8
18.98,600,0.57,9.5,80,150,7.028394004,13.8,4410,1870,1645,2750,1600,1600,5,5,1760,135,184,225,0,1,0,76.8
13.98,410,0.4,9.584863481,80,130,7.028394004,12.9,4768,1880,1530,2750,1600,1602,4,5,1610,100,136,225,1,0,0,50.6
13.98,460,0.78,10,80,130,7.028394004,12.9,4805,1880,1545,2750,1600,1602,4,5,1705,100,136,225,1,0,0,59.4
13.98,460,0.78,10,80,130,7.028394004,12.9,4805,1880,1545,2750,1600,1602,4,5,1705,100,136,225,1,0,0,59.4
14.68,460,0.78,10,80,130,7.028394004,12.9,4768,1880,1545,2750,1600,1602,4,5,1685,100,136,225,1,0,0,60
14.68,460,0.78,10,80,130,7.028394004,12.9,4768,1880,1545,2750,1600,1602,4,5,1685,100,136,225,1,0,0,60
17.38,460,0.78,10,80,130,7.028394004,12.9,4768,1880,1545,2750,1600,1602,4,5,1685,100,136,225,1,0,0,60
17.98,460,0.78,10,80,130,7.028394004,12.9,4768,1880,1545,2750,1600,1602,4,5,1685,100,136,225,1,0,0,60
16.38,510,0.7,10,80,160,7.6,12.9,4810,1880,1515,2750,1600,1602,4,5,1660,150,204,350,0,1,0,58.8
17.58,510,0.7,10,80,160,7.6,12.9,4810,1880,1515,2750,1600,1602,4,5,1680,150,204,350,0,1,0,58.8
18.49,510,0.7,10,80,160,7.6,12.9,4810,1880,1515,2750,1600,1602,4,5,1660,150,204,350,0,1,0,58.8
17.58,602,0.75,10,80,160,6.8,13.1,4810,1880,1515,2750,1600,1602,4,5,1750,165,224,350,0,1,0,69.9
19.16,602,0.75,10,80,160,6.8,13.1,4810,1880,1515,2750,1600,1602,4,5,1750,165,224,350,0,1,0,69.9
18.98,602,0.75,10,80,160,6.8,13.1,4810,1880,1515,2750,1600,1602,4,5,1770,165,224,350,0,1,0,69.9
13.98,460,0.78,10,80,130,7.028394004,12.9,4768,1880,1530,2750,1600,1602,4,5,1610,100,136,225,0,1,0,58.8
13.98,460,0.78,10,80,130,7.028394004,12.9,4768,1880,1530,2750,1600,1602,4,5,1610,100,136,225,0,1,0,58.8
17.28,460,0.78,10,80,130,7.028394004,12.9,4768,1880,1530,2750,1600,1602,4,5,1610,100,136,225,0,1,0,58.8
14.68,460,0.78,10,80,130,7.028394004,12.9,4768,1880,1530,2750,1600,1602,4,5,1610,100,136,225,0,1,0,58.8
14.68,460,0.78,10,80,130,7.028394004,12.9,4768,1880,1530,2750,1600,1602,4,5,1610,100,136,225,0,1,0,58.8
17.98,460,0.78,10,80,130,7.028394004,12.9,4768,1880,1530,2750,1600,1602,4,5,1610,100,136,225,0,1,0,58.8
18.98,555,0.5,9.584863481,79.92343032,170,7.028394004,13.2,4871,1862,1500,2870,1583,1603,4,5,1930,150,204,340,1,0,0,63.87
20.38,555,0.5,9.584863481,79.92343032,170,7.028394004,13.2,4871,1862,1500,2870,1583,1603,4,5,1930,150,204,340,1,0,0,63.87
23.98,705,0.5,9.584863481,79.92343032,170,7.028394004,13.4,4871,1862,1500,2870,1583,1603,4,5,1930,150,204,340,0,1,0,83.49
26.98,600,0.5,9.584863481,79.92343032,180,4.3,15.5,4871,1862,1500,2870,1577,1597,4,5,2115,300,408,680,0,1,0,83.49
23.99,480,0.45,5,80,170,6.7,13.8,4880,1896,1450,2998,1615,1621,4,5,1920,196,267,390,1,0,0,60.2
23.99,480,0.45,5,80,170,6.7,13.8,4880,1896,1450,2998,1615,1621,4,5,1920,196,267,390,1,0,0,60.2
25.29,480,0.45,5,80,170,6.7,13.8,4880,1896,1450,2998,1615,1621,4,5,1920,196,267,390,1,0,0,60.2
25.99,586,0.42,5.7,80,170,6.7,17,4880,1896,1450,2998,1615,1621,4,5,1890,196,267,390,0,1,0,70.8
25.99,480,0.45,5,80,170,6.7,13.8,4880,1896,1450,2998,1615,1621,4,5,1920,196,267,390,1,0,0,60.2
26.29,480,0.45,5,80,170,6.7,13.8,4880,1896,1450,2998,1615,1621,4,5,1920,196,267,390,1,0,0,60.2
27.29,670,0.55,6.5,80,170,6.7,13.5,4880,1896,1450,2998,1615,1621,4,5,1935,196,267,390,0,1,0,83.1
28.09,586,0.42,5.7,80,170,6.7,17,4880,1896,1450,2998,1615,1621,4,5,1890,196,267,390,0,1,0,70.8
28.59,625,0.55,6.5,80,170,6.7,13.3,4880,1896,1450,2998,1615,1621,4,5,1940,196,267,390,0,1,0,77.9
28.59,670,0.55,6.5,80,170,6.7,13.5,4880,1896,1450,2998,1615,1621,4,5,1935,196,267,390,0,1,0,83.1
31.79,670,0.55,6.5,80,170,6.7,13.5,4880,1896,1450,2998,1615,1621,4,5,1935,196,267,390,0,1,0,83.1
32.99,670,0.55,6.5,80,170,6.7,13.5,4880,1896,1450,2998,1615,1621,4,5,1935,196,267,390,0,1,0,83.1
34.99,562,0.6,6.5,80,170,4.3,16,4880,1896,1450,2998,1615,1621,4,5,2060,316,430,655,0,1,0,80.9
34.99,562,0.6,6.5,80,170,4.3,16,4880,1896,1450,2998,1615,1621,4,5,2060,316,430,655,0,1,0,80.9
38.79,670,0.55,6.5,80,170,6.7,13.5,4880,1896,1450,2998,1615,1621,4,5,1935,196,267,390,0,1,0,83.1
24.99,480,0.45,5,80,170,6.7,13.8,4880,1896,1450,2998,1615,1621,4,5,1920,196,267,390,1,0,0,60.2
38.69,670,0.55,6.5,80,170,6.7,13.5,4880,1896,1450,2998,1615,1621,4,5,1935,196,267,390,0,1,0,83.1
42.99,562,0.6,6.5,80,170,4.3,16,4880,1896,1450,2998,1615,1621,4,5,2060,316,430,655,0,1,0,80.9
27.09,586,0.42,5.7,80,170,6.7,17,4880,1896,1450,2998,1615,1621,4,5,1890,196,267,390,0,1,0,70.8
27.09,706,0.55,6.5,80,170,6.7,12.5,4880,1896,1450,2998,1615,1621,4,5,1910,196,267,390,0,1,0,80.9
28.29,670,0.55,6.5,80,170,6.7,13.5,4880,1896,1450,2998,1615,1621,4,5,1935,196,267,390,0,1,0,83.1
31.49,670,0.55,6.5,80,170,6.7,13.5,4880,1896,1450,2998,1615,1621,4,5,1935,196,267,390,0,1,0,83.1
28.86,620,0.5,10.5,80,200,7.1,15.8,4785,1930,1620,2880,1655,1650,5,5,2235,200,272,360,1,0,0,80
31.98,552,0.5,10.5,80,210,4.5,17.1,4785,1930,1620,2880,1655,1650,5,5,2350,365,496,675,1,0,0,80
49.9,702,0.47,9.584863481,79.92343032,190,4.5,18.3,5209,2024,1848,3205,1701,1713,5,6,2830,400,544,686,0,1,0,116
58.8,822,0.609070465,9.584863481,79.92343032,190,4.5,14.73990223,5209,2024,1848,3205,1701,1713,5,6,1897.268636,400,544,686,0,1,0,140
24.58,715,0.58,16,80,185,6.9,13.5,4980,1980,1450,2980,1696,1695,4,5,1990,170,231,310,0,1,0,88
26.98,715,0.58,16,80,185,6.9,13.5,4980,1980,1450,2980,1696,1695,4,5,1990,170,231,310,0,1,0,88
27.98,650,0.58,17,80,185,3.9,16,4980,1980,1450,2980,1696,1695,4,5,2130,340,462,620,0,1,0,95
31.98,715,0.58,16,80,185,6.9,13.5,4980,1980,1450,2980,1696,1695,4,5,2000,170,231,310,0,1,0,88
33.88,650,0.58,17,80,185,3.9,16,4980,1980,1450,2980,1696,1695,4,5,2130,340,462,620,0,1,0,95
88.99,652,1,10,79.92343032,250,3.2,14.73990223,4970,1964,1445,2960,1662,1700,5,5,2069,493,670,375.5829904,0,1,0,100
105.99,637,1,10,79.92343032,322,2.1,14.73990223,4970,1964,1445,2960,1662,1700,5,5,2162,750,1020,375.5829904,0,1,0,100
12.59,401,0.5,8,80,150,7.028394004,13,4235,1825,1596,2650,1557,1577,5,5,1510,105,143,210,1,0,0,47.8
13.7,401,0.5,8,80,150,7.028394004,13,4235,1825,1596,2650,1557,1577,5,5,1510,105,143,210,1,0,0,47.8
13.7,401,0.5,8,80,150,7.028394004,13.1,4235,1825,1596,2650,1557,1577,5,5,1438,105,143,210,0,1,0,45.99
14.7,401,0.5,8,80,150,7.028394004,13,4235,1825,1596,2650,1557,1577,5,5,1510,105,143,210,1,0,0,47.8
14.7,401,0.5,8,80,150,7.028394004,13.1,4235,1825,1596,2650,1557,1577,5,5,1438,105,143,210,0,1,0,45.99
15.7,501,0.5,8,80,150,7.028394004,13.2,4235,1825,1596,2650,1557,1577,5,5,1510,105,143,210,0,1,0,59.1
15.7,501,0.5,8,80,150,7.028394004,13.9,4235,1825,1596,2650,1557,1577,5,5,1609,105,143,210,1,0,0,57.71
16.7,501,0.5,8,80,150,7.028394004,13.2,4235,1825,1596,2650,1557,1577,5,5,1510,105,143,210,0,1,0,59.1
16.7,501,0.5,8,80,150,7.028394004,13.9,4235,1825,1596,2650,1557,1577,5,5,1609,105,143,210,1,0,0,57.71
27.89,526,0.58,6.75,80,180,6.2,14.3,4872,1846,1481,2966,1593.613095,1594.388393,4,5,2029,210,286,400,0,1,0,70
13.88,400,0.5,6.79,80,130,7.028394004,12,4765,1837,1515,2718,1580,1580,4,5,1580,100,136,180,1,0,0,47.5
14.88,500,0.5,8.14,80,130,7.028394004,12.3,4765,1837,1515,2718,1580,1580,4,5,1650,100,136,180,1,0,0,57
15.88,500,0.5,8.14,80,130,7.028394004,12.3,4765,1837,1515,2718,1580,1580,4,5,1650,100,136,180,1,0,0,57
17.58,400,0.5,6.79,80,150,7.028394004,12,4765,1837,1515,2718,1580,1580,4,5,1580,100,136,180,1,0,0,47.5
18.08,400,0.5,6.79,80,165.6410256,7.028394004,12,4765,1837,1515,2718,1580,1580,4,5,1897.268636,100,136,180,1,0,0,47.5
17.58,600,0.5,10.24,80,150,9,12.9,4765,1837,1515,2718,1580,1580,4,5,1820,135,184,280,1,0,0,71.7
18.08,505,0.5,10.2,80,160,7.028394004,14.1,4705,1890,1680,2765,1630,1630,5,5,1950,135,184,280,1,0,0,71.7
19.78,505,0.5,10.2,80,160,7.028394004,14.1,4705,1890,1680,2765,1630,1630,5,5,1950,135,184,280,1,0,0,71.7
17.98,510,0.67,6.5,80,170,7.9,16.6,4750,1905,1675,2930,1605,1595,5,5,2120,200,272,360,1,0,0,78.54
19.88,510,0.67,6.5,80,170,7.9,16.6,4750,1905,1675,2930,1605,1595,5,5,1980,200,272,360,1,0,0,78.54
22.88,610,0.67,7.5,80,170,7.9,16.4,4750,1905,1675,2930,1605,1595,5,5,2070,200,272,360,0,1,0,89.97
23.98,510,0.67,6.5,80,170,7.9,16.6,4750,1905,1675,2930,1605,1595,5,5,1980,200,272,360,1,0,0,78.54
20.98,610,0.67,7.5,80,170,7.9,16.4,4750,1905,1675,2930,1605,1595,5,5,2070,200,272,360,0,1,0,89.55
22.98,550,0.67,7.5,80,170,4.5,18.5,4750,1905,1675,2930,1605,1595,5,5,2190,400,544,720,0,1,0,89.97
8.89,408,0.5,7,80,100,7.028394004,9.4,3200,1670,1550,2150,1450,1430,3,4,955,30,41,120,0,1,0,40.3
8.99,408,0.5,7,80,120,7.028394004,9.4,3200,1670,1550,2150,1450,1430,3,4,975,55,75,150,0,1,0,40.3
9.4,408,0.5,7,80,120,7.028394004,9.4,3200,1670,1550,2150,1450,1430,3,4,975,55,75,150,0,1,0,40.3
14.99,450,0.67,8.5,80,160,7.028394004,13.1,4261,1778,1568,2765,1593.613095,1594.388393,5,5,1760,125,170,310,0,1,0,57.3
17.72,450,0.67,8.5,80,160,7.028394004,13.1,4261,1778,1568,2765,1593.613095,1594.388393,5,5,1760,125,170,310,0,1,0,57.3
20.78,605,0.7,9.584863481,80,160,7.028394004,13.2,5040,1910,1569,2990,1630,1630,4,5,1900,140,190,320,0,1,0,82
12.28,431,0.609070465,9.584863481,79.92343032,130,7.028394004,13.5,5040,1910,1569,2990,1630,1630,4,5,1800,100,136,320,0,1,0,56
16.58,431,0.5,9.584863481,80,160,7.028394004,13.5,5040,1910,1569,2990,1630,1630,4,5,1810,140,190,320,1,0,0,54
88.8,430,1.55,8,80,230,5.4,19.8,4963,1966,1395,2900,1710,1694,4,4,2100,300,408,345,0,1,0,79.2
95.8,513,1.55,5,80,220,5.1,28.1,4974,2144,1409,2904,1718,1698,5,4,2291,350,476,500,0,1,0,93.4
115.8,461,1.55,8,80,250,4,24.6,4963,1966,1379,2900,1710,1694,4,4,2200,390,530,640,0,1,0,79.2
119.8,511,1.55,5,80,240,4.1,28.1,4974,2144,1409,2904,1718,1698,5,4,2300,420,571,650,0,1,0,93.4
138.2,538,1.55,5,80,250,3.7,28.5,4963,2144,1409,2900,1710,1672,4,4,2332,440,598,850,0,1,0,93.4
150.8,527,1.55,5,80,260,3.2,26,4963,1966,1381,2900,1702,1667,4,4,2341,500,680,850,0,1,0,93.4
152.8,523,1.55,5,80,250,3.3,28.7,4974,2144,1412,2904,1710,1672,5,4,2357,500,680,850,0,1,0,93.4
180.8,475,1.55,5,80,260,2.8,27,4963,1966,1378,2900,1690,1655,4,4,2333,560,761,1050,0,1,0,93.4
182.8,469,1.55,5,80,250,2.9,29.4,4974,2144,1409,2904,1710,1672,5,4,2358,560,761,1050,0,1,0,93.4
18.23,425,0.609070465,9.584863481,80,160,7.028394004,14.3,4592,1852,1629,2765,1593.613095,1594.388393,5,5,1945,125,170,310,0,1,0,55.7
19.53,425,0.609070465,9.584863481,80,160,7.028394004,14.3,4592,1852,1629,2765,1593.613095,1594.388393,5,5,1945,125,170,310,0,1,0,55.7
21.53,600,0.5,9.584863481,80,160,7.028394004,14.3,4592,1852,1629,2765,1593.613095,1594.388393,5,5,2130,150,204,310,0,1,0,84.8
23.28,600,0.5,9.584863481,80,160,7.028394004,14.3,4592,1852,1629,2765,1593.613095,1594.388393,5,5,2130,150,204,310,0,1,0,84.8
23.53,600,0.5,9.584863481,80,160,7.028394004,14.3,4592,1852,1629,2765,1593.613095,1594.388393,5,5,2130,150,204,310,0,1,0,84.8
27.13,554,0.5,9.584863481,80,160,7.028394004,15.6,4592,1852,1629,2765,1593.613095,1594.388393,5,5,2254,230,313,472,0,1,0,84.8
32.8,560,0.6,9.584863481,80,165.6410256,4,15.3,4790,1960,1499,2888,1685,1685,5,5,1897.268636,360,490,700,0,0,0,75
38.6,710,0.8,9.584863481,80,165.6410256,4,15.1,4790,1960,1499,2888,1685,1685,5,5,1897.268636,360,490,700,0,1,0,100
24.99,513,0.45,4.5,80,180,6.2,13.5,4730,1886,1621,2984,1593.613095,1594.388393,5,5,1897.268636,201,273,430,0,1,0,61.5
28.89,619,0.45,3.9,80,180,6.5,14.3,4730,1886,1621,2984,1593.613095,1594.388393,5,5,1897.268636,224,305,430,0,1,0,80.3
34.99,554,0.45,3.9,80,180,4.6,16.3,4730,1886,1613,2984,1593.613095,1594.388393,5,5,1897.268636,260,354,730,0,1,0,80.3
36.99,492,0.45,3.9,80,200,3.65,17.9,4730,1886,1613,2984,1593.613095,1594.388393,5,5,1954,359,488,860,0,1,0,80.3
43.97,653,0.67,15.5,80,190,6.35,15.6,5003,1977,1637,3094,1676,1677,5,5,2535,255,347,440,0,1,0,95.7
45.97,653,0.67,15.5,80,190,6.35,15.6,5003,1977,1637,3094,1676,1677,5,5,2535,255,347,440,0,1,0,95.7
47.97,600,0.67,15.5,80,210,4.9,16.9,5003,1977,1637,3094,1676,1677,5,5,2631,375,510,710,0,1,0,95.7
12.98,401,0.5,7,80,150,9.5,14.5,4549,1860,1628,2770,1580,1580,5,5,1589,120,163,210,0,0,0,54.34
13.68,401,0.5,7,80,150,9.5,14.5,4549,1860,1628,2770,1580,1580,5,5,1675,120,163,210,0,0,0,54.34
12.38,400,0.5,7,80,150,9.5,14.5,4549,1860,1628,2770,1580,1580,5,5,1589,120,163,210,0,1,0,54.34
14.78,501,0.5,8.5,80,150,9.5,14.5,4549,1860,1628,2770,1580,1580,5,5,1635,120,163,210,0,0,0,70.41
12.38,400,0.5,7,80,150,9.5,14.5,4549,1860,1628,2770,1580,1580,5,5,1589,120,163,210,1,0,0,55.8
12.78,400,0.5,7,80,150,9.5,14.5,4549,1860,1628,2770,1580,1580,5,5,1589,120,163,210,0,1,0,54.34
15.98,610,0.5,10.5,80,155,7,14.5,4549,1860,1628,2770,1580,1580,5,5,1779,170,231,310,0,0,0,81.57
12.78,400,0.5,7,80,150,9.5,14.5,4549,1860,1628,2770,1580,1580,5,5,1589,120,163,210,1,0,0,55.8
14.48,500,0.5,8.5,80,150,9.5,14.5,4549,1860,1628,2770,1580,1580,5,5,1635,120,163,210,0,1,0,66.23
14.48,500,0.5,8.5,80,150,9.5,14.5,4549,1860,1628,2770,1580,1580,5,5,1635,120,163,210,1,0,0,68.2
15.58,500,0.5,8.5,80,150,9.5,14.5,4549,1860,1628,2770,1580,1580,5,5,1635,120,163,210,0,1,0,66.23
15.58,500,0.5,8.5,80,150,9.5,14.5,4549,1860,1628,2770,1580,1580,5,5,1635,120,163,210,1,0,0,68.2
15.98,610,0.5,10.5,80,155,7,14.5,4549,1860,1628,2770,1580,1580,5,5,1779,150,204,310,0,1,0,81.57
18.58,610,0.5,10.5,80,155,7,14.5,4549,1860,1628,2770,1580,1580,5,5,1779,170,231,310,0,1,0,79.63
14.28,400,0.5,8.5,80,150,9.5,13.2,4530,1860,1628,2770,1580,1580,5,5,1675,120,163,210,0,1,0,56.03
16.48,400,0.5,8.5,80,150,9.5,13.2,4530,1860,1628,2770,1580,1580,5,5,1675,120,163,210,0,1,0,54.34
17.58,500,0.5,10,80,150,9.5,13.5,4530,1860,1628,2770,1580,1580,5,5,1635,120,163,210,0,1,0,66.23
19.98,610,0.5,13,80,155,7,14.5,4530,1860,1628,2770,1580,1580,5,5,1738,150,204,310,0,1,0,81.57
18.98,500,0.5,9.584863481,80,185,7.9,15.3,4650,1920,1720,2830,1630,1645,5,5,2040,165,224,350,1,0,0,71.8
18.98,500,0.5,9.584863481,80,185,7.9,14.9,4650,1920,1720,2830,1630,1645,5,5,1905,165,224,350,0,1,0,69.9
19.98,500,0.5,9.584863481,80,185,7.9,15.3,4650,1920,1720,2830,1630,1645,5,5,2040,165,224,350,1,0,0,71.8
19.98,500,0.5,9.584863481,80,185,7.9,14.9,4650,1920,1720,2830,1630,1645,5,5,1905,165,224,350,0,1,0,69.9
20.68,500,0.5,9.584863481,80,185,7.9,14.9,4650,1920,1720,2830,1630,1645,5,7,1905,165,224,350,0,1,0,69.9
20.96,500,0.17,9.584863481,80,185,7.9,15.1,4650,1920,1720,2830,1630,1645,5,5,2055,165,224,350,0,1,0,72.1
26.98,500,0.17,9.584863481,80,185,7.9,14.73990223,4650,1920,1720,2830,1630,1645,5,5,1897.268636,165,224,350,0,1,0,71.8
20.48,600,0.5,9.584863481,80,185,7.6,14.8,4650,1920,1720,2830,1630,1645,5,5,1960,165,224,350,0,1,0,80
21.68,600,0.5,9.584863481,80,185,7.6,14.8,4650,1920,1720,2830,1630,1645,5,5,1960,165,224,350,0,1,0,80
22.38,600,0.5,9.584863481,80,185,7.6,14.8,4650,1920,1720,2830,1630,1645,5,7,1960,165,224,350,0,1,0,80
23.68,600,0.5,9.584863481,80,185,7.6,14.8,4650,1920,1720,2830,1630,1645,5,5,1960,165,224,350,0,1,0,80
24.96,702,0.5,9.584863481,80,185,6.9,15.4,4650,1920,1720,2830,1630,1645,5,5,2050,200,272,350,0,1,0,95.8
18.76,500,0.5,9.584863481,80,185,7.9,14.9,4650,1920,1720,2830,1630,1645,5,5,1905,165,224,350,0,1,0,69.9
19.76,500,0.5,9.584863481,80,185,7.9,14.9,4650,1920,1720,2830,1630,1645,5,5,1905,165,224,350,0,1,0,69.9
18.76,500,0.5,9.584863481,80,185,7.9,15.3,4650,1920,1720,2830,1630,1645,5,5,2040,165,224,350,1,0,0,71.8
19.76,500,0.5,9.584863481,80,185,7.9,15.3,4650,1920,1720,2830,1630,1645,5,5,2040,165,224,350,1,0,0,71.8
20.96,500,0.17,9.584863481,80,185,7.9,14.9,4650,1920,1720,2830,1630,1645,5,5,1980,165,224,350,0,1,0,72.3
20.26,600,0.5,9.584863481,80,185,7.6,14.8,4650,1920,1720,2830,1630,1645,5,5,1960,165,224,350,0,1,0,80
21.46,600,0.5,9.584863481,80,185,7.6,14.8,4650,1920,1720,2830,1630,1645,5,5,1960,165,224,350,0,1,0,80
23.46,600,0.5,9.584863481,80,185,7.6,14.8,4650,1920,1720,2830,1630,1645,5,5,1960,165,224,350,0,1,0,80
24.96,702,0.5,9.584863481,80,185,6.9,15.4,4650,1920,1720,2830,1630,1645,5,5,2050,200,272,350,0,1,0,95.8
31.99,500,0.75,7.5,80,180,6.8,16.7,4746,1891,1683,2864,1616,1632,5,5,2190,210,286,400,0,1,0,80
31.99,500,0.75,7.5,80,180,6.8,16.7,4746,1891,1683,2864,1616,1632,5,5,2190,210,286,400,0,1,0,80
35.99,490,0.75,7.5,80,180,6.8,16.9,4746,1891,1683,2864,1616,1632,5,5,2190,210,286,400,0,1,0,80
35.99,490,0.75,7.5,80,180,6.8,16.9,4746,1891,1683,2864,1616,1632,5,5,2190,210,286,400,0,1,0,80
8.65,403,0.6,3.5,80,100,12,11.6,3620,1652,1592,2400,1410,1410,5,4,1190,80,109,158,1,0,0,41
8.85,403,0.6,3.5,80,100,12,11.6,3620,1652,1592,2400,1410,1410,5,4,1190,80,109,158,1,0,0,41
9.25,403,0.6,3.5,80,100,12,11.6,3620,1652,1592,2400,1410,1410,5,4,1190,80,109,158,1,0,0,41
9.65,403,0.6,3.5,80,100,12,11.6,3620,1652,1592,2400,1410,1410,5,4,1190,80,109,158,1,0,0,41
50.98,460,0.8,8.4,80,200,6.5,18.1,5209,2010,1731,3110,1708,1709,5,7,2512,320,435,600,0,1,0,84
53.98,460,0.8,8.4,80,200,6.5,18.1,5209,2010,1731,3110,1708,1709,5,6,2515,320,435,600,0,1,0,84
58.98,690,1.1,9.584863481,80,200,7.028394004,18,5209,2010,1731,3110,1708,1709,5,7,2644,320,435,600,0,1,0,120
61.98,690,1.1,9.584863481,80,200,7.028394004,18,5209,2010,1731,3110,1708,1709,5,6,2702,320,435,600,0,1,0,120
63.98,510,0.8,9.5,80,200,4.8,19.3,5209,2010,1713,3110,1708,1709,5,6,2610,405,551,750,0,1,0,99
68.98,660,1.1,9.584863481,80,200,7.028394004,19,5209,2010,1713,3110,1708,1709,5,6,2654,405,551,750,0,1,0,120
72.98,510,0.8,9.5,80,200,4.8,19.3,5209,2010,1713,3110,1708,1709,5,4,2640,405,551,750,0,1,0,99
77.98,660,1.1,9.584863481,80,200,7.028394004,19,5209,2010,1713,3110,1708,1709,5,4,2712,405,551,750,0,1,0,120
93.99,560,1,10,79.92343032,250,3.9,14.73990223,5037,2070,1684,2965,1661,1699,5,5,2352,493,670,375.5829904,0,1,0,100
99.99,536,1,10,79.92343032,262,2.6,14.73990223,5037,2070,1684,2965,1661,1699,5,6,2455,750,1020,375.5829904,0,1,0,100
15.78,418,0.58,9.584863481,80,130,7.028394004,12.8,4390,1850,1650,2800,1590,1590,5,5,1640,100,136,180,1,0,0,53.6
16.78,418,0.58,9.584863481,80,130,7.028394004,12.8,4390,1850,1650,2800,1590,1590,5,5,1640,100,136,180,1,0,0,53.6
30.99,570,0.27,9.584863481,80,200,6.4,15.2,4891,1937,1680,2998,1656,1663,5,5,2190,230,313,430,1,0,0,78.2
32.99,570,0.27,9.584863481,80,200,6.4,15.2,4891,1937,1680,2998,1656,1663,5,5,2230,230,313,430,1,0,0,78.2
34.99,570,0.27,9.584863481,80,200,6.4,15.2,4891,1937,1680,2998,1656,1663,5,5,2230,230,313,430,1,0,0,78.2
34.99,702,0.27,9.584863481,80,200,6.4,15.2,4891,1937,1680,2998,1656,1663,5,5,2205,230,313,430,0,1,0,98
36.99,702,0.27,9.584863481,80,200,6.4,15.2,4891,1937,1680,2998,1656,1663,5,5,2225,230,313,430,0,1,0,98
39.99,650,0.27,9.584863481,80,200,3.9,16,4891,1937,1670,2998,1656,1663,5,5,2335,405,551,717,0,1,0,98
41.99,650,0.27,9.584863481,80,200,3.9,16,4891,1937,1670,2998,1656,1663,5,5,2355,405,551,717,0,1,0,98
46.99,650,0.27,9.584863481,80,200,3.9,16,4891,1937,1670,2998,1656,1663,5,5,2355,405,551,717,0,1,0,98
27.98,600,0.5,13.68,80,180,7.028394004,15.7,4900,1950,1725,2820,1650,1630,5,7,2360,168,228,350,1,0,0,90.3
30.98,730,0.5,16.5,80,180,7.028394004,15.6,4900,1950,1725,2820,1650,1630,5,7,2440,180,245,350,1,0,0,108.8
33.98,635,0.5,16.5,80,180,4.4,17.6,4900,1950,1725,2820,1650,1630,5,7,2560,380,517,700,1,0,0,108.8
12.98,425,0.47,7,80,160,7.028394004,13.3,4287,1836,1516,2705,1552,1562,5,5,1641,125,170,250,1,0,0,51
13.98,425,0.47,7,80,160,7.028394004,13.3,4287,1836,1516,2705,1552,1562,5,5,1641,125,170,250,1,0,0,51
16.38,520,0.38,9,80,160,7.028394004,13.3,4287,1836,1516,2705,1552,1562,5,5,1665,150,204,250,0,1,0,64
18.68,460,0.38,9,80,200,3.8,14.73990223,4287,1836,1516,2705,1553,1562,5,5,1825,315,428,600,0,1,0,64
29.99,605,0.68,12,80,160,8.8,14.4,4588,1865,1626,2765,1587,1565,5,5,2160,150,204,310,0,1,0,84.8
32.71,605,0.68,12,80,160,8.8,14.4,4588,1865,1626,2765,1587,1565,5,5,2160,150,204,310,0,1,0,84.8
34.27,543,0.68,12,80,160,6.8,16.1,4588,1865,1626,2765,1587,1566,5,5,2255,230,313,472,0,1,0,84.8
37.71,543,0.68,12,80,160,6.8,16.1,4588,1865,1626,2765,1587,1566,5,5,2255,230,313,472,0,1,0,84.8
19.59,460,0.5,9,80,170,7.5,13.4,4808,1840,1520,2768,1556,1561,4,5,1735,155,211,310,1,0,0,55.9
19.79,450,0.5,9,80,170,7.5,13.6,4808,1840,1520,2768,1556,1561,4,5,1735,155,211,310,1,0,0,57.4
20.69,510,0.58,10.5,80,170,7.5,13.3,4808,1840,1520,2768,1556,1561,4,5,1725,155,211,310,0,1,0,61.3
20.99,460,0.5,9.584863481,80,170,7.5,13.6,4808,1840,1520,2768,1556,1561,4,5,1735,155,211,310,1,0,0,57.4
21.19,550,0.58,11,80,170,7.5,13.3,4808,1840,1520,2768,1556,1561,4,5,1725,155,211,310,0,1,0,66.2
22.59,550,0.58,11,80,170,7.5,13.3,4808,1840,1520,2768,1556,1561,4,5,1725,155,211,310,0,1,0,66.2
24.99,600,0.63,11.5,80,170,7.5,13.2,4808,1840,1520,2768,1556,1561,4,5,1725,155,211,310,0,1,0,71.4
17.79,460,0.5,9.584863481,80,170,7.5,13.4,4808,1840,1520,2768,1556,1561,4,5,1680,155,211,310,1,0,0,55.9
17.99,450,0.5,9.584863481,80,170,7.5,13.6,4808,1840,1520,2768,1556,1561,4,5,1680,155,211,310,1,0,0,57.4
18.89,510,0.58,9.584863481,80,170,7.5,13.3,4808,1840,1520,2768,1556,1561,4,5,1715,155,211,310,0,1,0,61.3
19.39,550,0.58,9.584863481,80,170,7.5,13.3,4808,1840,1520,2768,1556,1561,4,5,1715,155,211,310,0,1,0,66.2
17.92,425,0.67,8.5,80,160,7.028394004,14,4612,1852,1640,2765,1593.613095,1594.388393,5,5,1960,125,170,310,0,1,0,57.3
22.52,607,0.67,12.5,80,160,7.028394004,14.6,4612,1852,1640,2765,1593.613095,1594.388393,5,5,2120,150,204,310,0,1,0,83.4
23.87,607,0.67,12.5,80,160,7.028394004,14.6,4612,1852,1640,2765,1593.613095,1594.388393,5,5,2120,150,204,310,0,1,0,83.4
24.12,607,0.67,12.5,80,160,7.028394004,14.6,4612,1852,1640,2765,1593.613095,1594.388393,5,5,2120,150,204,310,0,1,0,83.4
27.62,555,0.67,12.5,80,160,7.028394004,15.9,4612,1852,1640,2765,1593.613095,1594.388393,5,5,2250,230,313,472,0,1,0,83.4
44.67,530,0.609070465,9.584863481,80,200,3.8,16.2,5101,1987,1509,3060,1668,1672,4,5,2349,480,653,850,0,0,0,75
50.34,675,0.609070465,9.584863481,80,200,3.8,16,5101,1987,1509,3060,1668,1672,4,5,2379,480,653,850,0,1,0,100
52.34,675,0.609070465,9.584863481,80,200,3.8,16,5101,1987,1509,3060,1668,1672,4,5,2379,480,653,850,0,1,0,100
20.98,606,0.67,7,80,180,7.5,14.5,5050,1902,1509,2930,1608,1604,4,5,2099,200,272,360,1,0,0,78.54
23.18,717,0.67,8,80,180,7.2,14,5050,1902,1509,2930,1608,1604,4,5,2020,200,272,360,0,1,0,90
25.18,630,0.67,8,80,180,4.3,16.5,5050,1902,1509,2930,1608,1604,4,5,2145,400,544,720,0,1,0,90
28.68,630,0.67,8,80,180,3.66,16.5,5050,1902,1515,2930,1608,1604,4,5,2145,400,544,720,0,1,0,90
22.37,525,0.5,11.5,80,180,7.7,14.8,4930,1940,1599,2915,1660,1640,5,5,1940,160,218,360,0,1,0,67.3
22.37,525,0.5,11.5,80,180,7.7,14.8,4930,1940,1599,2915,1660,1640,5,5,1900,175,238,360,0,1,0,66
25.37,525,0.5,11.5,80,180,7.7,14.8,4930,1940,1599,2915,1660,1640,5,5,1900,175,238,360,0,1,0,66
26.72,708,0.6,15.5,80,180,8.3,15.4,4930,1940,1599,2915,1660,1640,5,5,2078,160,218,360,0,1,0,93.6
26.72,708,0.6,15.5,80,180,8.3,15.4,4930,1940,1599,2915,1660,1640,5,5,2078,175,238,360,0,1,0,94.5
39.78,500,0.25,13,80,200,3.5,16.6,4980,1960,1599,2915,1593.613095,1594.388393,5,5,2115,473,643,655,0,1,0,74.5
42.98,500,0.25,13,80,200,3.5,16.6,4980,1960,1599,2915,1593.613095,1594.388393,5,5,2115,473,643,655,0,1,0,74.5
24.72,525,0.5,11.5,80,180,7.7,14.8,4930,1940,1599,2915,1660,1640,5,5,1940,160,218,360,0,1,0,67.3
24.72,525,0.5,11.5,80,180,7.7,14.8,4930,1940,1599,2915,1660,1640,5,5,1900,175,238,360,0,1,0,66
28.72,708,0.6,15.5,80,180,8.3,15.4,4930,1940,1599,2915,1660,1640,5,5,2078,160,218,360,0,1,0,93.6
28.72,708,0.6,15.5,80,180,8.3,15.4,4930,1940,1599,2915,1660,1640,5,5,2078,175,238,360,0,1,0,94.5
35.02,603,0.6,15.5,80,180,4.2,17.1,4930,1940,1599,2915,1660,1640,5,5,2245,320,435,720,0,1,0,93.6
36.88,615,0.609070465,13.3,80,200,3.87,15.4,5098,1960,1485,3100,1664,1660,4,5,2290,425,578,725,0,1,0,93
40.88,615,0.33,5.8,80,200,3.87,15.4,5098,1960,1485,3100,1664,1660,4,5,2290,425,578,725,0,1,0,93
82.8,650,0.33,5.8,80,258,4.5,21.53,5103,2019,1636,3019,1593.613095,1594.388393,5,5,1897.268636,450,612,710,0,1,0,112
102.8,560,0.5,7.5,80,265,2.95,25,5103,2019,1636,3019,1593.613095,1594.388393,5,5,1897.268636,675,918,985,0,1,0,112
19.42,535,0.5,7.5,80,180,6.7,13.4,4270,1822,1636,2750,1581,1586,5,5,1770,200,272,343,0,1,0,66
20.92,535,0.5,7.5,80,180,6.7,13.4,4270,1822,1636,2750,1581,1586,5,5,1770,200,272,343,0,1,0,66
24.5,560,0.5,7.2,80,180,6.7,13,4270,1822,1636,2750,1585,1590,5,5,1800,200,272,343,0,1,0,66
27.9,500,0.5,13.09,80,180,3.9,14.8,4300,1822,1636,2750,1585,1590,5,5,1900,315,428,584,0,1,0,66
10.08,401,0.5,13.09,80,130,7.028394004,11.4,4240,1760,1530,2610,1490,1470,5,5,1365,70,95,180,1,0,0,43.2
10.78,401,0.5,13.09,80,130,7.028394004,11.4,4240,1760,1530,2610,1490,1470,5,5,1365,70,95,180,1,0,0,43.2
11.68,401,0.609070465,13.1,80,130,7.028394004,11.4,4240,1760,1530,2610,1490,1470,5,5,1365,70,95,180,1,0,0,43.2
13.98,401,0.609070465,9.584863481,80,130,7.028394004,11.4,4240,1760,1530,2610,1490,1470,5,5,1365,100,136,180,1,0,0,43.2
14.48,401,0.609070465,9.584863481,80,130,7.028394004,11.4,4240,1760,1530,2610,1490,1470,5,5,1365,100,136,180,1,0,0,43.2
28.66,650,0.609070465,9.584863481,79.92343032,170,7.8,15.5,4835,1935,1685,2920,1650,1660,5,5,2070,180,245,350,0,1,0,93.3
33.96,600,0.609070465,9.584863481,79.92343032,180,3.9,16,4835,1935,1685,2920,1650,1660,5,5,2240,360,490,700,0,1,0,93.3
41.96,600,0.5,8.5,79.92343032,180,3.9,16,4835,1935,1685,2920,1650,1660,5,5,2240,360,490,700,0,1,0,93.3
46.96,1008,0.5,8.5,79.92343032,170,7.9,15.8,4835,1935,1685,2920,1650,1660,5,5,2240,180,245,350,0,1,0,144.4
13.68,430,0.5,8.5,80,150,6.9,13.3,4752,1804,1503,2700,1560,1560,4,5,1560,150,204,310,0,1,0,53
14.28,430,0.5,8.5,80,150,6.9,13.3,4752,1804,1503,2700,1560,1560,4,5,1560,150,204,310,0,1,0,53
15.28,430,0.5,8.5,80,150,6.9,13.3,4752,1804,1503,2700,1560,1560,4,5,1560,150,204,310,0,1,0,53
17.68,430,0.63,11,80,150,6.9,13.3,4752,1804,1503,2700,1560,1560,4,5,1560,150,204,310,0,1,0,53
18.08,430,0.63,11,80,150,6.9,13.3,4752,1804,1503,2700,1560,1560,4,5,1560,150,204,310,0,1,0,53
15.98,600,0.63,11,80,150,6.9,13,4752,1804,1503,2700,1560,1560,4,5,1635,150,204,310,0,1,0,70
17.28,600,0.5,8.5,80,150,6.9,13,4752,1804,1503,2700,1560,1560,4,5,1635,150,204,310,0,1,0,70
20.48,600,0.5,8.5,80,150,6.9,13,4752,1804,1503,2700,1560,1560,4,5,1635,150,204,310,0,1,0,70
12.38,430,0.5,8.5,80,150,6.9,13.3,4752,1804,1503,2700,1560,1560,4,5,1560,150,204,310,0,1,0,53
13.38,430,0.63,11,80,150,6.9,13.3,4752,1804,1503,2700,1560,1560,4,5,1560,150,204,310,0,1,0,53
18.38,430,0.63,11,80,150,6.9,13.3,4752,1804,1503,2700,1560,1560,4,5,1560,150,204,310,0,1,0,53
15.38,600,0.63,11,80,150,6.9,13,4752,1804,1503,2700,1560,1560,4,5,1635,150,204,310,0,1,0,70
15.38,600,0.63,11,80,150,6.9,13,4752,1804,1503,2700,1560,1560,4,5,1635,150,204,310,0,1,0,70
16.98,600,0.5,9.5,80,150,6.9,13,4752,1804,1503,2700,1560,1560,4,5,1635,150,204,310,0,1,0,70
19.68,600,0.5,9.5,80,150,6.9,13,4752,1804,1503,2700,1560,1560,4,5,1635,150,204,310,0,1,0,70
12.53,518,0.5,9.5,80,170,7.028394004,12.6,4673,1817,1514,2660,1535,1546,5,5,1660,130,177,265,0,1,0,61.1
13.23,518,0.5,9.5,80,170,7.028394004,12.6,4673,1817,1514,2660,1535,1546,5,5,1660,130,177,265,0,1,0,61.1
15.39,518,0.5,9.5,80,170,7.028394004,12.6,4650,1817,1514,2660,1535,1546,5,5,1620,130,177,265,0,1,0,61.1
14.43,518,0.25,10.5,80,170,7.028394004,12.6,4673,1817,1514,2660,1535,1546,5,5,1660,130,177,265,0,1,0,61.1
14.43,518,0.25,10.5,80,170,7.028394004,12.6,4650,1817,1514,2660,1535,1546,5,5,1620,130,177,265,0,1,0,61.1
34.99,555,0.42,13.5,80,200,3.98,18.03,4880,1970,1601,2975,1678,1678,5,5,2280,425,578,650,0,1,0,90
36.99,555,0.42,13.5,80,200,3.98,18.03,4880,1970,1601,2975,1678,1678,5,5,2280,425,578,650,0,1,0,90
40.99,680,0.609070465,9.584863481,80,200,4.5,19.03,4880,1970,1601,2975,1678,1678,5,5,2365,425,578,650,0,1,0,116
60,680,0.609070465,9.584863481,80,200,4.5,19.03,4880,1970,1601,2975,1678,1678,5,4,2425,425,578,650,0,1,0,116
61,705,0.5,7.2,79.92343032,200,3.8,17.7,5036,2018,1439,3150,1710,1710,4,5,2539,494,672,820,0,1,0,120
63,705,0.5,10,79.92343032,200,3.8,17.7,5036,2018,1439,3150,1710,1710,4,4,2539,494,672,820,0,1,0,120
10.28,401,0.6,11.5,80,165.6410256,7.028394004,12.9,4375,1785,1680,2535,1525,1535,5,5,1605,100,136,210,1,0,0,50.1
11.28,401,0.6,11.5,80,165.6410256,7.028394004,12.9,4375,1785,1680,2535,1525,1535,5,5,1605,100,136,210,1,0,0,50.1
37.47,455,0.8,14,80,200,5.6,17.3,4850,1965,1758,2900,1668,1672,5,5,2290,320,435,610,0,0,0,75
41.47,465,0.8,14,80,200,4.7,17.2,4850,1965,1731,2900,1668,1672,5,5,2345,400,544,725,0,0,0,75
43.14,600,0.6,11.5,80,200,5.6,17.4,4850,1965,1758,2900,1668,1672,5,5,2290,320,435,610,0,1,0,100
47.14,610,0.8,14,80,200,4.7,17.4,4850,1965,1731,2900,1668,1672,5,5,2345,400,544,725,0,1,0,100
48.47,465,0.5,8.5,80,200,4.7,17.2,4850,1965,1731,2900,1668,1672,5,5,2345,400,544,725,0,0,0,75
54.14,610,0.5,8.5,80,200,4.7,17.4,4850,1965,1731,2900,1668,1672,5,5,2345,400,544,725,0,1,0,100
13.27,400,0.5,8.5,80,150,6.9,13.9,4432,1833,1560,2700,1561,1560,5,5,1545,150,204,310,0,1,0,53
13.67,400,0.5,8.5,80,150,6.9,13.9,4432,1833,1560,2700,1561,1560,5,5,1545,150,204,310,0,1,0,53
14.27,400,0.63,11,80,150,6.9,13.9,4432,1833,1560,2700,1561,1560,5,5,1545,150,204,310,0,1,0,53
17.68,400,0.63,11,80,150,6.9,13.9,4432,1833,1560,2700,1561,1560,5,5,1545,150,204,310,0,1,0,53
15.27,550,0.63,11,80,150,7,14,4432,1833,1560,2700,1561,1560,5,5,1665,150,204,310,0,1,0,70
16.97,550,0.63,11,80,150,7,14,4432,1833,1560,2700,1561,1560,5,5,1665,150,204,310,0,1,0,70
15.67,550,0.63,11,80,150,7,14,4432,1833,1560,2700,1561,1560,5,5,1665,150,204,310,0,1,0,70
15.97,550,0.63,11,80,150,7,14,4432,1833,1560,2700,1561,1560,5,5,1665,150,204,310,0,1,0,70
17.27,550,0.5,8.5,80,150,7,14,4432,1833,1560,2700,1561,1560,5,5,1665,150,204,310,0,1,0,70
20.48,550,0.5,8.5,80,150,7,14,4432,1833,1560,2700,1561,1560,5,5,1665,150,204,310,0,1,0,70
12.08,400,0.5,8.5,80,150,6.9,13.9,4432,1833,1560,2700,1561,1560,5,5,1545,150,204,310,0,1,0,53
13.08,400,0.63,11,80,150,6.9,13.9,4432,1833,1560,2700,1561,1560,5,5,1545,150,204,310,0,1,0,53
16.68,400,0.63,11,80,150,6.9,13.9,4432,1833,1560,2700,1561,1560,5,5,1545,150,204,310,0,1,0,53
15.38,550,0.75,9,80,150,7,14,4432,1833,1560,2700,1561,1560,5,5,1665,150,204,310,0,1,0,70
17.38,550,0.75,9,80,150,7,14,4432,1833,1560,2700,1561,1560,5,5,1665,150,204,310,0,1,0,70
57,630,0.75,9,80,200,7.1,16,5200,2062,1618,3150,1701,1701,5,6,2440,220,299,410,0,1,0,94.3
62,630,0.75,9,80,200,7.1,16,5200,2062,1618,3150,1701,1701,5,6,2440,220,299,410,0,1,0,94.3
62,550,0.75,9,80,200,3.9,17.8,5200,2062,1618,3150,1701,1701,5,6,2580,440,598,820,0,1,0,94.3
68,550,0.77,8.25,80,200,3.9,17.8,5200,2062,1618,3150,1701,1701,5,6,2580,440,598,820,0,1,0,94.3
80,550,0.77,8.25,80,200,4,17.8,5200,2062,1618,3150,1701,1701,5,4,2650,440,598,820,0,1,0,94.3
44.87,625,0.75,12,80,182,5.7,14.7,4785,1852,1455,2856,1593.613095,1594.388393,5,5,2112,250,340,430,0,1,0,83.9
53.87,560,0.75,12,80,218,3.9,16.4,4785,1852,1455,2856,1593.613095,1594.388393,5,5,2275,400,544,795,0,1,0,83.9
29.09,440,0.75,12,79.92343032,180,6.9,20,4774,1890,1622,2873,1630,1621,5,5,2485,210,286,590,0,1,0,79.2
30.09,440,0.75,10,79.92343032,180,6.9,20,4774,1890,1622,2873,1630,1621,5,5,2485,210,286,590,0,1,0,79.2
37.09,443,1,13,80,180,5.1,19.7,4774,1923,1622,2873,1630,1621,5,5,2485,300,408,760,0,1,0,79.2
36.99,475,0.75,10,80,200,5.8,20,5315,1985,1820,3200,1705,1708,5,7,2620,320,435,620,0,1,0,82
41.99,605,1,13,80,200,5.9,20,5315,1985,1820,3200,1705,1708,5,7,2625,320,435,620,0,1,0,108.7
38.99,475,0.75,10,80,200,5.8,20,5315,1985,1820,3200,1705,1708,5,7,2620,320,435,620,0,1,0,82
43.99,605,1,13,80,200,5.9,20,5315,1985,1820,3200,1705,1708,5,7,2625,320,435,620,0,1,0,108.7
43.99,475,0.75,10,80,200,5.8,20,5315,1985,1800,3200,1705,1708,5,7,2620,320,435,620,0,1,0,82
48.99,605,1,13,80,200,5.9,20,5315,1985,1800,3200,1705,1708,5,7,2625,320,435,620,0,1,0,108.7
63.99,475,0.5,8,80,200,5.9,20,5315,1985,1800,3200,1705,1708,5,4,2620,320,435,620,0,1,0,82
68.99,605,0.5,8,80,200,5.9,20,5315,1985,1800,3200,1705,1708,5,4,2625,320,435,620,0,1,0,108.7
19.3,401,0.5,10,80,155,7.028394004,13.4,4401,1867,1633,2750,1583,1587,5,5,1740,126,171,250,1,0,0,49.92
20.3,401,0.5,10,80,155,7.028394004,13.4,4401,1867,1633,2750,1583,1587,5,5,1765,126,171,250,1,0,0,49.92
21.3,500,0.609070465,9.584863481,80,155,7.028394004,13.9,4401,1867,1633,2750,1583,1587,5,5,1810,126,171,250,1,0,0,60.5
22.3,500,0.609070465,9.584863481,80,155,7.028394004,13.9,4401,1867,1633,2750,1583,1587,5,5,1835,126,171,250,1,0,0,60.5
23.43,460,0.609070465,9.584863481,80,160,7.028394004,14.4,4891,1848,1679,2965,1587,1563,5,7,2161,132,180,310,0,1,0,62.6
25.83,601,0.609070465,9.584863481,80,160,7.028394004,14.4,4891,1848,1679,2965,1587,1563,5,7,2290,150,204,310,0,1,0,84.8
26.43,601,0.609070465,9.584863481,80,160,7.028394004,14.4,4891,1848,1679,2965,1587,1563,5,7,2290,150,204,310,0,1,0,84.8
26.93,601,1.3,14.4,80,160,7.028394004,14.4,4891,1848,1679,2965,1587,1563,5,7,2290,150,204,310,0,1,0,84.8
31.89,550,0.609070465,16.23,80,160,7.028394004,15.8,4891,1848,1679,2965,1587,1563,5,6,2383,230,313,472,0,1,0,84.8
15.58,405,0.5,16,80,130,15,11.8,4675,1770,1500,2670,1525,1520,4,5,1531,100,136,180,1,0,0,47.53
16.58,450,0.5,16,80,130,15,12.2,4675,1770,1500,2670,1525,1520,4,5,1520,100,136,180,1,0,0,53.56
16.98,450,0.67,9,79.92343032,130,7.028394004,12.2,4675,1770,1500,2670,1525,1520,4,5,1520,100,136,180,1,0,0,53.56
10.99,421,0.67,9,80,130,7.028394004,12.9,4675,1770,1500,2670,1525,1520,4,5,1520,100,136,180,0,1,0,53.1
11.99,421,0.67,9.5,80,130,7.028394004,12.9,4675,1770,1500,2670,1525,1520,4,5,1520,100,136,180,0,1,0,53.1
15.5,420,0.67,9.5,80,150,7.028394004,13.6,4388,1790,1560,2610,1545,1550,5,5,1652,134,182,310,0,1,0,53.6
16.9,420,0.8,13,80,150,7.028394004,13.6,4388,1790,1560,2610,1535,1540,5,5,1686,134,182,310,0,1,0,53.6
18.5,510,0.8,13,80,150,7.028394004,13.8,4388,1790,1560,2610,1535,1540,5,5,1683,150,204,310,0,1,0,68.8
19.8,510,0.8,13,80,150,7.028394004,13.8,4388,1790,1560,2610,1535,1540,5,5,1696,150,204,310,0,1,0,68.8
47.7,752,0.609070465,9.584863481,80,180,6.7,13.7,4969,1906,1514,3120,1639,1650,4,5,2375,215,292,556,0,1,0,96.1
49.5,717,0.609070465,9.584863481,80,180,6.7,14.4,4969,1906,1514,3120,1634,1645,4,5,2410,215,292,556,0,1,0,96.1
53.4,717,0.609070465,9.584863481,80,180,6.7,14.4,4969,1906,1514,3120,1634,1645,4,5,2410,215,292,556,0,1,0,96.1
45.67,485,0.75,10,80,200,3.9,17.6,4912,1987,1720,2960,1668,1672,5,5,2361,480,653,850,0,0,0,75
51.34,620,0.75,8.5,80,200,3.9,17.6,4912,1987,1720,2960,1668,1672,5,5,2381,480,653,850,0,1,0,100
53.79,575,0.75,8.5,80,200,3.9,19.1,4912,1987,1720,2960,1668,1672,5,5,2400,480,653,850,0,1,0,100
39.36,631,0.75,8.5,80,200,4.4,18.3,4905,1950,1645,2960,1654,1647,5,5,2310,360,490,720,0,1,0,106
41.99,475,0.75,8.5,80,200,4.7,19.3,4910,1950,1660,2960,1654,1647,5,5,2330,510,694,1040,0,1,0,88
34.36,505,0.6,11.5,80,180,7.3,18.7,4905,1950,1660,2960,1654,1647,5,5,2190,255,347,520,0,1,0,88
35.86,505,0.6,11.5,80,180,7.3,18.7,4905,1950,1645,2960,1654,1647,5,5,2190,255,347,520,0,1,0,88
37.36,475,0.8,14,80,200,4.7,19.3,4905,1950,1645,2960,1654,1647,5,5,2330,510,694,1040,0,1,0,88
38.47,465,0.8,14,80,200,5.4,17.2,4850,1965,1731,2900,1668,1672,5,5,2250,320,435,610,0,0,0,75
42.47,475,0.6,11.5,80,200,4.5,17.1,4850,1965,1714,2900,1668,1672,5,5,2299,400,544,725,0,0,0,75
44.14,605,0.8,14,80,200,5.4,17.3,4850,1965,1731,2900,1668,1672,5,5,2280,320,435,610,0,1,0,100
48.14,615,0.5,7,80,200,4.5,17.3,4850,1965,1714,2900,1668,1672,5,5,2329,400,544,725,0,1,0,100
48.47,475,0.83,10,80,200,4.5,17.1,4850,1965,1714,2900,1668,1672,5,5,2299,400,544,725,0,0,0,75
54.14,615,0.83,10,80,200,4.5,17.3,4850,1965,1714,2900,1668,1672,5,5,2329,400,544,725,0,1,0,100
19.98,400,0.83,10,79.92343032,160,7.5,12.3,4690,1860,1650,2850,1600,1610,5,5,1870,150,204,266,0,1,0,50.3
22.98,615,0.83,10,79.92343032,160,7.5,11.6,4690,1860,1650,2850,1600,1610,5,5,1870,150,204,266,0,1,0,66.7
24.98,615,0.67,9.5,79.92343032,160,7.5,11.6,4690,1860,1650,2850,1600,1610,5,5,1910,150,204,266,0,1,0,66.7
26.88,560,0.67,12.5,79.92343032,160,6.9,13.1,4690,1860,1650,2850,1600,1610,5,5,2005,160,218,338,0,1,0,66.7
28.48,500,0.67,12.5,79.92343032,160,6.9,14.7,4690,1860,1650,2850,1600,1610,5,5,2035,160,218,338,0,1,0,66.7
24.53,460,0.67,12.5,80,160,7.028394004,14.6,4876,1848,1680,2965,1587,1563,5,7,2150,132,180,310,0,1,0,63.2
26.88,617,0.67,12.5,80,160,7.028394004,14.6,4876,1848,1680,2965,1587,1563,5,7,2280,150,204,310,0,1,0,83.4
27.13,617,0.67,12.5,80,160,7.028394004,14.6,4876,1848,1680,2965,1587,1563,5,7,2280,150,204,310,0,1,0,83.4
28.18,617,0.62,16,80,160,7.028394004,14.6,4876,1848,1680,2965,1587,1563,5,7,2280,150,204,310,0,1,0,83.4
28.43,617,0.62,16,80,160,7.028394004,14.6,4876,1848,1680,2965,1587,1563,5,7,2280,150,204,310,0,1,0,83.4
33.59,540,0.62,16,80,160,7.028394004,16.7,4876,1848,1680,2965,1587,1563,5,6,2395,230,313,472,0,1,0,83.4
74.36,849,0.62,16,80,200,6.4,14.2,5227,1926,1513,3210,1667,1682,5,5,2490,245,333,568,0,1,0,111.8
85.76,813,0.58,4.3,80,200,6.4,14.7,5224,1926,1512,3210,1667,1682,5,5,2530,245,333,568,0,1,0,111.8
98.16,813,0.58,4.3,80,200,6.4,14.7,5224,1926,1512,3210,1667,1682,5,5,2530,245,333,568,0,1,0,111.8
118.26,720,0.58,4.3,80,200,4.4,16.7,5224,1926,1517,3210,1667,1682,5,5,2690,380,517,855,0,1,0,111.8
16.89,460,0.58,5.5,80,170,8.6,13.8,4495,1820,1610,2625,1546,1551,5,5,1680,145,197,300,1,0,0,55
16.89,460,0.58,5.5,80,170,8.6,13.8,4495,1820,1610,2625,1546,1551,5,5,1680,145,197,300,1,0,0,55
18.89,460,0.58,5.5,80,170,8.6,13.8,4495,1820,1610,2625,1546,1551,5,5,1630,145,197,300,0,1,0,57
18.19,520,0.58,5.5,80,170,8.6,14.2,4495,1820,1610,2625,1546,1551,5,5,1655,145,197,300,0,1,0,66
18.19,520,0.5,4.9,80,170,8.6,14.2,4495,1820,1610,2625,1546,1551,5,5,1665,145,197,300,0,1,0,66
20.19,520,0.83,7,80,170,8.6,14.2,4495,1820,1610,2625,1546,1551,5,5,1655,145,197,300,0,1,0,66
20.19,520,0.83,7,80,170,8.6,14.2,4495,1820,1610,2625,1546,1551,5,5,1665,145,197,300,0,1,0,66
19.97,400,0.83,7,80,160,7.028394004,12.3,4690,1860,1650,2850,1600,1610,5,5,1865,150,204,266,0,1,0,50.3
22.97,615,0.83,7,80,160,7.028394004,11.6,4690,1860,1650,2850,1600,1610,5,5,1865,150,204,266,0,1,0,66.7
24.97,615,0.6,11.5,80,160,7.028394004,11.6,4690,1860,1650,2850,1600,1610,5,5,1905,150,204,266,0,1,0,66.7
26.87,560,0.6,11.5,80,160,7.028394004,13.1,4690,1860,1650,2850,1600,1610,5,5,2000,160,218,337,0,1,0,66.7
28.77,500,0.8,14,80,160,7.028394004,14.7,4690,1860,1650,2850,1600,1610,5,5,2035,160,218,337,0,1,0,66.7
48.47,450,0.8,14,80,200,4.9,17.7,5022,1962,1756,3010,1668,1672,5,7,2425,400,544,725,0,0,0,75
49.07,450,0.6,11.5,80,200,4.9,17.7,5022,1962,1756,3010,1668,1672,5,6,2425,400,544,725,0,0,0,75
54.14,580,0.6,11.5,80,200,4.9,17.7,5022,1962,1756,3010,1668,1672,5,7,2445,400,544,725,0,1,0,100
54.74,580,0.6,11.5,80,200,4.9,17.7,5022,1962,1756,3010,1668,1672,5,6,2425,400,544,725,0,1,0,100
57.47,450,0.8,14,80,200,4.9,17.7,5022,1962,1756,3010,1668,1672,5,7,2425,400,544,725,0,0,0,75
58.07,450,0.8,14,80,200,4.9,17.7,5022,1962,1756,3010,1668,1672,5,6,2425,400,544,725,0,0,0,75
58.67,450,0.8,14,80,200,4.9,17.7,5022,1962,1756,3010,1668,1672,5,6,2425,400,544,725,0,0,0,75
63.14,580,0.5,19.64,80,200,4.9,17.7,5022,1962,1756,3010,1668,1672,5,7,2425,400,544,725,0,1,0,100
63.74,580,0.75,10.25,80,200,4.9,17.7,5022,1962,1756,3010,1668,1672,5,6,2425,400,544,725,0,1,0,100
64.34,580,0.75,10.25,80,200,4.9,17.7,5022,1962,1756,3010,1668,1672,5,6,2425,400,544,725,0,1,0,100
23.58,506,0.67,14,80,185,7.9,13.9,4980,1940,1495,2920,1640,1640,4,5,1940,163,222,330,1,0,0,64.8
21.68,619,0.67,14,80,160,8.6,12.7,4463,1834,1619,2729,1587,1590,5,5,2011,140,190,385,0,1,0,73.5
26.08,537,0.67,14,80,160,7.7,14.7,4463,1834,1624,2729,1587,1590,5,5,2078,168,229,390,0,1,0,73.5
25.28,623,0.67,14,80,160,7.028394004,16,4603,1900,1658,2775,1636,1639,5,5,2106,178,242,300,0,1,0,90
25.28,623,0.5,11.5,80,160,7.028394004,16,4603,1900,1658,2775,1636,1639,5,5,2116,178,242,300,0,1,0,90
29.78,559,0.5,11.5,80,200,7.028394004,17.8,4603,1900,1654,2775,1636,1639,5,5,2245,320,435,600,0,1,0,90
29.78,533,0.43,11.5,80,200,7.028394004,18.7,4603,1900,1654,2775,1626,1629,5,5,2269,320,435,600,0,1,0,90
21.87,480,0.5,11.5,80,180,7.8,16,4788,1940,1683,2915,1660,1640,5,5,2030,160,218,360,0,1,0,67.3
21.87,480,0.5,11.5,80,180,7.8,15.5,4788,1940,1683,2915,1660,1640,5,5,1935,175,238,360,0,1,0,65.6
24.87,480,0.6,15.5,80,180,7.8,15.5,4788,1940,1683,2915,1660,1640,5,5,1935,175,238,360,0,1,0,65.6
24.19,480,0.6,15.5,80,180,7.8,16,4788,1940,1683,2915,1660,1640,5,5,2030,160,218,360,0,1,0,67.3
24.22,480,0.6,15.5,80,180,7.8,15.5,4788,1940,1683,2915,1660,1640,5,5,1935,175,238,360,0,1,0,65.6
26.19,653,0.6,15.5,80,180,8.4,16.3,4788,1940,1683,2915,1660,1640,5,5,2125,160,218,360,0,1,0,93.6
26.19,653,0.6,15.5,80,180,8.4,16.3,4788,1940,1683,2915,1660,1640,5,5,2070,175,238,360,0,1,0,94.5
28.22,653,0.75,10.25,80,180,8.4,16.3,4788,1940,1683,2915,1660,1640,5,5,2125,160,218,360,0,1,0,93.6
28.22,653,0.75,10.25,80,180,8.4,16.3,4788,1940,1683,2915,1660,1640,5,5,2070,175,238,360,0,1,0,94.5
32.52,600,0.75,10.25,80,180,4.6,17.3,4788,1940,1683,2915,1660,1640,5,5,2270,320,435,720,0,1,0,93.6
22.53,600,0.5,9.5,80,160,8.8,13.4,4684,1834,1693,2829,1584,1580,5,5,2072,140,190,385,0,1,0,73.5
29.72,512,0.5,9.5,80,160,6.3,15.5,4684,1834,1706,2829,1584,1580,5,7,2207,215,292,520,0,1,0,73.5
31.13,512,0.5,9.5,80,160,6.3,15.5,4684,1834,1706,2829,1587,1585,5,7,2207,215,292,520,0,1,0,73.5
14.49,518,0.5,9.5,80,170,7.028394004,12.6,4665,1813,1513,2660,1545,1556,5,5,1620,130,177,265,0,1,0,61.1
15.51,518,0.5,9.5,80,170,7.028394004,12.6,4665,1813,1513,2660,1545,1556,5,5,1620,130,177,265,0,1,0,61.1
15.71,518,0.5,9.5,80,170,7.028394004,12.6,4665,1813,1513,2660,1545,1556,5,5,1620,130,177,265,0,1,0,61.1
15.49,518,0.67,8,80,170,7.028394004,12.6,4665,1813,1538,2660,1545,1556,5,5,1660,130,177,265,0,1,0,61.1
15.99,518,0.67,8,80,170,7.028394004,12.6,4665,1813,1538,2660,1545,1556,5,5,1660,130,177,265,0,1,0,61.1
15.99,518,0.67,8,80,170,7.028394004,12.6,4665,1813,1538,2660,1545,1556,5,5,1660,130,177,265,0,1,0,61.1
13.45,410,0.67,8,80,150,7.028394004,13.1,4665,1813,1513,2660,1545,1556,5,5,1660,110,150,350,0,1,0,52.5
14.49,410,0.67,8,80,150,7.028394004,13.1,4665,1813,1513,2660,1545,1556,5,5,1660,110,150,350,0,1,0,52.5
15.49,410,0.67,8,80,150,7.028394004,13.1,4665,1813,1538,2660,1545,1556,5,5,1660,110,150,350,0,1,0,52.5
15.99,410,0.67,8,80,150,7.028394004,13.1,4665,1813,1538,2660,1545,1556,5,5,1660,110,150,350,0,1,0,52.5
13.45,410,0.67,8,80,150,7.028394004,13.1,4665,1813,1513,2660,1545,1556,5,5,1660,110,150,350,0,1,0,52.5
13.95,410,0.67,8,80,150,7.028394004,13.1,4665,1813,1513,2660,1545,1556,5,5,1660,110,150,350,0,1,0,52.5
14.95,410,0.67,8,80,150,7.028394004,13.1,4665,1813,1538,2660,1545,1556,5,5,1660,110,150,350,0,1,0,52.5
17.99,410,0.67,8,80,150,7.028394004,13.1,4665,1813,1538,2660,1545,1556,5,5,1660,110,150,350,0,1,0,52.5
11.99,410,0.67,8,80,150,7.028394004,13.1,4665,1813,1513,2660,1545,1556,5,5,1660,110,150,350,0,1,0,52.5
12.49,410,0.5,10.5,80,150,7.028394004,13.1,4665,1813,1513,2660,1545,1556,5,5,1660,110,150,350,0,1,0,52.5
13.49,410,0.5,9,80,150,7.028394004,13.1,4665,1813,1538,2660,1545,1556,5,5,1660,110,150,350,0,1,0,52.5
17.99,410,0.5,9,80,150,7.028394004,13.1,4665,1813,1538,2660,1545,1556,5,5,1660,110,150,350,0,1,0,52.5
30.25,551,0.5,9,80,200,5.8,14.9,4900,1925,1655,2950,1620,1600,5,5,2168,250,340,450,0,1,0,77
32.25,642,0.5,7.6,80,200,5.8,15.5,4900,1925,1655,2950,1620,1600,5,5,2210,250,340,450,0,1,0,90
33.95,606,0.5,7.6,80,200,3.8,15.8,4900,1925,1655,2950,1620,1600,5,5,2310,400,544,700,0,1,0,90
36.95,606,0.609070465,8.1,80,200,3.8,15.8,4900,1925,1655,2950,1620,1600,5,5,2310,400,544,700,0,1,0,90
18.19,401,0.5,8.1,80,165.6410256,7.028394004,13.4,4765,1837,1515,2718,1580,1580,4,5,1897.268636,100,136,180,0,1,0,53.1
14.99,401,0.5,8.1,80,165.6410256,7.028394004,13.4,4765,1837,1515,2718,1580,1580,4,5,1897.268636,100,136,180,0,1,0,53.1
16.99,420,0.5,9.9,80,150,8.9,13.8,4765,1837,1515,2718,1580,1580,4,5,1650,120,163,280,0,1,0,56.4
17.99,420,0.5,9.9,80,150,8.9,13.8,4765,1837,1515,2718,1580,1580,4,5,1650,120,163,280,0,1,0,56.4
18.99,420,0.5,7.6,80,150,8.9,13.8,4765,1837,1515,2718,1580,1580,4,5,1650,120,163,280,0,1,0,56.4
18.99,520,0.67,9,80,150,8.4,13.5,4765,1837,1515,2718,1580,1580,4,5,1710,135,184,280,0,1,0,69.5
19.99,520,0.67,9,80,150,8.4,13.5,4765,1837,1515,2718,1580,1580,4,5,1710,135,184,280,0,1,0,69.5
20.49,401,0.67,9.5,80,165.6410256,7.028394004,13.4,4765,1837,1515,2718,1580,1580,4,5,1897.268636,100,136,180,0,1,0,53.1
14.5,420,0.67,9.5,80,150,7.028394004,13.6,4390,1790,1560,2610,1545,1550,5,5,1647,134,182,310,0,1,0,53.6
15.9,420,0.5,8,80,150,7.028394004,13.6,4390,1790,1560,2610,1535,1540,5,5,1684,134,182,310,0,1,0,53.6
17.7,510,0.5,8,80,150,7.028394004,13.8,4390,1790,1560,2610,1535,1540,5,5,1679,150,204,310,0,1,0,68.8
18.8,510,0.6,10,80,150,7.028394004,13.8,4390,1790,1560,2610,1535,1540,5,5,1692,150,204,310,0,1,0,68.8
14.9,401,0.6,10.7,80,160,6.9,13.4,4254,1848,1596,2650,1573,1593,5,5,1560,126,171,250,1,0,0,47.8
16.9,480,0.6,10.7,80,160,6.9,13.5,4254,1848,1596,2650,1573,1593,5,5,1555,126,171,250,0,1,0,59.1
13.28,430,0.75,12.9,80,140,7.9,13.5,4602,1900,1600,2750,1610,1610,5,5,1730,135,184,225,1,0,0,55.5
13.98,510,0.6,10.7,80,150,7.9,13.5,4602,1900,1645,2750,1610,1610,5,5,1740,135,184,225,1,0,0,63.98
14.68,510,0.75,12.9,80,150,7.9,13.5,4602,1900,1645,2750,1610,1610,5,5,1740,135,184,225,1,0,0,63.98
15.88,620,0.75,12.9,80,160,6.9,13.6,4602,1900,1645,2750,1610,1610,5,5,1750,160,218,225,0,1,0,76.8
15.88,510,0.609070465,9.584863481,80,150,7.9,13.5,4602,1900,1645,2750,1610,1610,5,5,1740,135,184,225,1,0,0,63.98
17.28,620,0.609070465,9.584863481,80,160,6.9,13.6,4602,1900,1645,2750,1610,1610,5,5,1750,160,218,225,0,1,0,76.8
17.88,620,0.609070465,9.584863481,80,160,6.9,13.6,4602,1900,1645,2750,1610,1610,5,5,1750,160,218,225,0,1,0,76.8
37.65,560,0.609070465,9.584863481,79.92343032,165.6410256,9.3,15.9,4876,1860,1675,2965,1593.613095,1594.388393,5,7,2325,150,204,310,0,1,0,83.4
38.65,560,0.609070465,9.584863481,79.92343032,165.6410256,9.3,15.9,4876,1860,1675,2965,1593.613095,1594.388393,5,7,2325,150,204,310,0,1,0,83.4
37.65,560,0.609070465,9.584863481,79.92343032,165.6410256,9.3,15.9,4876,1860,1675,2965,1593.613095,1594.388393,5,7,2325,150,204,310,0,1,0,83.4
38.65,560,0.609070465,9.584863481,79.92343032,165.6410256,9.3,15.9,4876,1860,1675,2965,1593.613095,1594.388393,5,7,2325,150,204,310,0,1,0,83.4
45.95,520,0.609070465,9.584863481,79.92343032,165.6410256,6.7,17,4876,1860,1675,2965,1593.613095,1594.388393,5,6,2410,225,306,460,0,1,0,83.4
46.95,520,0.609070465,9.584863481,79.92343032,165.6410256,6.7,17,4876,1860,1675,2965,1593.613095,1594.388393,5,6,2410,225,306,460,0,1,0,83.4
45.95,520,0.5,7,79.92343032,165.6410256,6.7,17,4876,1860,1675,2965,1593.613095,1594.388393,5,6,2410,225,306,460,0,1,0,83.4
46.95,520,0.5,7,79.92343032,165.6410256,6.7,17,4876,1860,1675,2965,1593.613095,1594.388393,5,6,2410,225,306,460,0,1,0,83.4
47.95,520,1,8,79.92343032,165.6410256,6.7,17,4876,1860,1675,2965,1593.613095,1594.388393,5,6,2410,225,306,460,0,1,0,83.4
12.99,451,0.67,10,80,135,6.9,11.2,4075,1760,1380,2500,1500,1500,3,4,1897.268636,125,170,250,0,1,0,48
14.99,451,0.67,10,80,135,6.9,11.2,4075,1760,1380,2500,1500,1500,3,4,1897.268636,125,170,250,0,1,0,48
26.7,550,0.62,17,80,160,7.2,13.8,4440,1873,1591,2702,1598,1603,5,5,1986,170,231,330,0,1,0,69
28.6,550,0.609070465,9.584863481,80,160,7.2,13.8,4440,1873,1591,2702,1598,1603,5,5,1986,170,231,330,0,1,0,69
32.8,530,0.75,13,80,180,4.7,16.2,4440,1873,1591,2702,1598,1603,5,5,2144,300,408,660,0,1,0,78
18.28,325,0.83,6.5,80,150,7.028394004,13.5,4268,1785,1545,2628,1543,1546,5,5,1610,100,136,290,0,1,0,44.1
17.9,602,0.83,6.5,80,180,7.8,13.8,4725,1925,1676,2780,1635,1635,5,5,1985,150,204,345,1,0,0,72.8
75.43,380,0.92,10,80,200,4.6,20.7,4634,2069,1253,2650,1798,1791,2,2,1960,320,435,680,0,1,0,78.84
36.19,400,0.92,10,75,160,7.5,13.1,4495,1840,1545,2640,1557,1559,5,5,1800,150,204,300,0,1,0,54.35
38.49,400,0.92,10,75,160,7.5,13.1,4495,1840,1545,2640,1557,1559,5,5,1800,150,204,300,0,1,0,54.35
15.98,450,0.62,8,80,159,7.028394004,15.3,4410,1852,1655,2672,1590,1616,5,5,1770,160,218,300,0,1,0,61.1
18.08,450,0.6,8,80,159,7.028394004,15.3,4410,1852,1655,2672,1590,1616,5,5,1770,160,218,300,0,1,0,61.1
20.18,450,0.6,8,80,159,7.028394004,15.3,4410,1852,1655,2672,1590,1616,5,5,1770,160,218,300,0,1,0,61.1
14.58,412,0.6,8,80,150,9.5,13.1,4680,1720,1530,2700,1475,1480,4,5,1438,110,150,210,1,0,0,49
14.58,412,0.6,8,80,150,9.5,13.1,4680,1720,1530,2700,1475,1480,4,5,1500,110,150,210,0,1,0,49
14.98,433,0.62,8,80,150,9.5,13.1,4680,1720,1530,2700,1475,1480,4,5,1502,110,150,210,0,1,0,52.99
15.28,412,0.62,8,79.92343032,150,9.5,13.2,4700,1725,1530,2700,1475,1480,4,5,1537,110,150,210,1,0,0,50.23
15.28,412,0.62,8,79.92343032,150,9.5,13.2,4700,1725,1530,2700,1475,1480,4,5,1537,110,150,210,1,0,0,50.23
15.38,401,0.62,8,79.92343032,150,9.5,13.2,4700,1725,1530,2700,1475,1480,4,5,1502,110,150,210,0,1,0,52.85
15.38,401,0.609070465,9.584863481,79.92343032,150,9.5,13.2,4700,1725,1530,2700,1475,1480,4,5,1502,110,150,210,0,1,0,52.85
15.38,401,0.62,8,79.92343032,150,9.5,13.2,4700,1725,1530,2700,1475,1480,4,5,1438,110,150,210,0,1,0,52.85
15.38,433,0.62,8,79.92343032,150,9.5,13.2,4700,1725,1530,2700,1475,1480,4,5,1515,120,163,230,0,1,0,52.99
14.28,330,0.6,8,79.92343032,150,9.5,13,4680,1720,1530,2700,1475,1480,4,5,1550,120,163,230,1,0,0,43.2
14.58,412,0.6,8,80,150,9.5,13.6,4680,1720,1530,2700,1475,1480,4,5,1550,120,163,230,1,0,0,50.3
14.58,412,0.5,9.584863481,80,150,9.5,13.6,4680,1720,1530,2700,1475,1480,4,5,1537,110,150,210,1,0,0,50.3
14.98,433,0.5,9.584863481,80,150,9.5,13.1,4680,1720,1530,2700,1475,1480,4,5,1515,120,163,230,0,1,0,52.99
14.98,433,0.5,9.584863481,80,150,9.5,13.1,4680,1720,1530,2700,1475,1480,4,5,1502,110,150,210,0,1,0,52.99
13.68,419,0.5,9.584863481,80,140,10.8,13.2,4450,1840,1680,2850,1595,1569,5,5,1700,100,136,260,1,0,0,55
13.98,419,0.5,9.584863481,80,140,10.8,13.2,4450,1840,1680,2850,1595,1569,5,5,1700,100,136,260,1,0,0,55
14.18,419,0.5,9.584863481,80,140,10.8,13.2,4450,1840,1680,2850,1595,1569,5,5,1700,100,136,260,1,0,0,55
14.38,419,0.609070465,9.584863481,80,140,10.8,13.2,4450,1840,1680,2850,1595,1569,5,5,1700,100,136,260,1,0,0,55
13.68,419,0.609070465,9.584863481,80,140,10.8,13.2,4450,1840,1680,2850,1595,1569,5,5,1700,100,136,260,1,0,0,55
13.98,419,0.609070465,9.584863481,80,140,10.8,13.2,4450,1840,1680,2850,1595,1569,5,5,1700,100,136,260,1,0,0,55
14.78,401,0.609070465,9.584863481,79.92343032,140,10.8,12.7,4450,1840,1680,2850,1595,1569,5,5,1700,100,136,260,0,1,0,53
15.08,401,0.609070465,9.584863481,79.92343032,140,10.8,12.7,4450,1840,1680,2850,1595,1569,5,5,1700,100,136,260,0,1,0,53
15.28,401,0.609070465,9.584863481,79.92343032,140,10.8,12.7,4450,1840,1680,2850,1595,1569,5,5,1700,100,136,260,0,1,0,53
15.48,401,0.609070465,9.584863481,79.92343032,140,10.8,12.7,4450,1840,1680,2850,1595,1569,5,5,1700,100,136,260,0,1,0,53
14.78,401,1.3,9.584863481,79.92343032,140,10.8,12.7,4450,1840,1680,2850,1595,1569,5,5,1700,100,136,260,0,1,0,53
15.08,401,0.83,8.5,79.92343032,140,10.8,12.7,4450,1840,1680,2850,1595,1569,5,5,1700,100,136,260,0,1,0,53
15.08,401,1,9.5,79.92343032,140,10.8,12.7,4450,1840,1680,2850,1595,1569,5,5,1700,100,136,260,0,1,0,53
11.99,365,0.83,8.5,80,145,10.8,12.3,4740,1820,1530,2700,1548,1559,4,5,1615,120,163,245,1,0,0,44.43
11.99,401,0.609070465,9.584863481,80,145,10.8,13,4740,1820,1530,2700,1548,1559,4,5,1615,120,163,245,1,0,0,47.78
11.99,401,0.55,9.584863481,80,145,10.8,13,4740,1820,1530,2700,1548,1559,4,5,1615,120,163,245,0,1,0,53.61
12.99,401,0.55,9.584863481,80,145,10.8,13,4740,1820,1530,2700,1555,1566,4,5,1615,120,163,245,1,0,0,47.78
25.78,485,0.68,7.25,80,160,7.4,14.7,4606,1859,1479,2735,1593.613095,1594.388393,5,5,1958,165,224,330,0,1,0,64
28.78,565,0.82,10.75,80,160,7.4,14.9,4606,1859,1479,2735,1593.613095,1594.388393,5,5,2012,170,231,330,0,1,0,78
33.8,512,0.82,10.75,80,205,4.7,17.5,4606,1859,1479,2735,1593.613095,1594.388393,5,5,2132,300,408,660,0,1,0,78
69.57,455,0.5,13.09,80,200,6.1,18,4955,1967,1698,3000,1593.613095,1594.388393,5,5,2428,240,326,630,0,1,0,76.6
95.85,566,0.609070465,9.584863481,80,250,3.8,21.7,4955,1967,1698,3000,1593.613095,1594.388393,5,5,1897.268636,455,619,1100,0,1,0,111.5
80.85,630,0.5,9,80,200,4.6,18.5,4955,1967,1698,3000,1593.613095,1594.388393,5,5,2558,385,524,765,0,1,0,111.5
14.98,401,0.5,11,80,130,7.028394004,11.4,4450,1760,1520,2610,1490,1470,4,5,1360,100,136,180,1,0,0,43.2
16.28,410,0.5,11,80,150,7.7,14.9,4720,1908,1696,2800,1625,1625,5,5,1870,150,204,320,1,0,0,51.92
18.58,520,0.5,11,80,150,7.9,15.6,4720,1908,1696,2800,1625,1625,5,5,1920,150,204,320,0,1,0,71.98
16.68,520,0.5,11,80,150,7.9,15.6,4720,1908,1696,2800,1625,1625,5,5,1920,150,204,320,0,1,0,71.98
17.98,520,0.5,13,80,150,7.9,15.6,4720,1908,1696,2800,1625,1625,5,5,1920,150,204,320,0,1,0,71.98
20.58,520,0.5,13,80,150,7.9,15.6,4720,1908,1696,2800,1625,1625,5,5,1920,150,204,320,0,1,0,71.98
25.28,520,0.5,13,80,150,7.9,15.6,4720,1908,1696,2800,1625,1625,5,5,1920,150,204,320,0,1,0,71.98
19.08,620,0.5,13,80,150,8.2,15.9,4720,1908,1696,2800,1625,1625,5,5,1920,150,204,320,0,1,0,85.97
17.18,620,0.5,13,80,150,8.2,15.9,4720,1908,1696,2800,1625,1625,5,5,1920,150,204,320,0,1,0,85.97
19.98,620,0.5,9,80,150,8.2,15.9,4720,1908,1696,2800,1625,1625,5,5,1920,150,204,320,0,1,0,85.97
22.58,620,0.5,11,80,150,8.2,15.9,4720,1908,1696,2800,1625,1625,5,5,1920,150,204,320,0,1,0,85.97
27.28,620,0.609070465,9.584863481,80,150,8.2,15.9,4720,1908,1696,2800,1625,1625,5,5,1920,150,204,320,0,1,0,85.97
14.68,410,0.5,9,80,150,7.9,15,4698,1908,1696,2800,1625,1625,5,5,1820,150,204,320,0,1,0,55.33
16.68,520,0.5,11,80,150,7.9,15.6,4698,1908,1696,2800,1625,1625,5,5,1920,150,204,320,0,1,0,71.98
19.08,620,0.5,11,80,165.6410256,7.9,15.4,4698,1908,1696,2800,1625,1625,5,5,1930,150,204,320,0,1,0,85.97
16.58,410,0.5,11,80,165.6410256,7.9,15,4698,1908,1696,2800,1625,1625,5,5,1820,150,204,320,0,1,0,55.33
18.58,520,0.5,11,80,165.6410256,7.9,15.6,4698,1908,1696,2800,1625,1625,5,5,1920,150,204,320,0,1,0,71.98
17.98,520,0.5,11,80,165.6410256,7.9,15.6,4698,1908,1696,2800,1625,1625,5,5,1920,150,204,320,0,1,0,71.98
18.98,520,0.67,9.5,80,165.6410256,7.9,15.6,4698,1908,1696,2800,1625,1625,5,5,1920,150,204,320,0,1,0,71.98
20.58,520,0.67,9.5,80,165.6410256,7.9,15.6,4698,1908,1696,2800,1625,1625,5,5,1920,150,204,320,0,1,0,71.98
25.28,520,0.67,9.5,80,165.6410256,7.9,15.6,4698,1908,1696,2800,1625,1625,5,5,1920,150,204,320,0,1,0,71.98
49.21,500,0.609070465,9.584863481,80,187,7.028394004,19.4,4901,1935,1640,2928,1655,1655,5,5,2625,230,313,540,0,1,0,96.7
52.72,465,0.5,6,80,187,7.028394004,21,4901,1935,1640,2928,1655,1655,5,5,2625,230,313,540,0,1,0,96.7
58.39,465,0.5,6,80,187,7.028394004,21,4901,1935,1640,2928,1655,1655,5,5,2625,230,313,540,0,1,0,96.7
39.98,510.9699864,0.5,6,79.92343032,165.6410256,3.9,14.73990223,4853,1990,1611,3000,1593.613095,1594.388393,5,5,1897.268636,400,544,375.5829904,0,1,0,100
12.98,420,0.5,6,80,140,7.028394004,12.9,4774,1803,1505,2701,1555,1550,4,5,1540,120,163,280,1,0,0,47
13.28,420,0.5,6,80,140,7.028394004,12.9,4774,1803,1505,2701,1555,1550,4,5,1540,120,163,280,1,0,0,47
12.98,420,0.5,6,80,140,7.028394004,12.5,4774,1803,1505,2701,1555,1550,4,5,1540,120,163,280,1,0,0,47
13.28,420,0.5,6,80,140,7.028394004,12.5,4774,1803,1505,2701,1555,1550,4,5,1540,120,163,280,1,0,0,47
12.98,420,0.5,6,80,140,7.028394004,12.5,4774,1803,1505,2701,1555,1550,4,5,1515,120,163,210,1,0,0,48
13.28,420,0.5,6,80,140,7.028394004,12.5,4774,1803,1505,2701,1555,1550,4,5,1515,120,163,210,1,0,0,48
12.98,420,0.5,6,80,140,7.028394004,12.5,4774,1803,1505,2701,1555,1550,4,5,1540,120,163,280,1,0,0,48
13.28,420,1,9.584863481,80,140,7.028394004,12.5,4774,1803,1505,2701,1555,1550,4,5,1540,120,163,280,1,0,0,48
12.98,450,0.55,5.8,80,140,7.028394004,12.2,4774,1803,1494,2701,1555,1550,4,5,1495,120,163,280,0,1,0,50
13.28,450,0.55,5.8,80,140,7.028394004,12.2,4774,1803,1494,2701,1555,1550,4,5,1495,120,163,280,0,1,0,50
15,423,0.55,5.8,80,140,7.028394004,12.9,4764,1803,1494,2701,1555,1550,4,5,1479,120,163,280,0,1,0,51
14.47,421,0.55,5.8,80,140,7.028394004,12.9,4764,1803,1494,2701,1555,1550,4,5,1487,120,163,280,0,1,0,50
15,421,0.55,5.8,80,140,7.028394004,12.9,4764,1803,1494,2701,1555,1550,4,5,1487,120,163,280,0,1,0,50
15,421,0.55,5.8,80,140,7.028394004,12.9,4764,1803,1494,2701,1555,1550,4,5,1487,120,163,280,0,1,0,50
15,421,0.5,6,80,140,7.028394004,12.9,4764,1803,1494,2701,1555,1550,4,5,1487,120,163,280,0,1,0,50
15.29,421,0.5,6,80,140,7.028394004,12.9,4764,1803,1494,2701,1555,1550,4,5,1487,120,163,280,0,1,0,50
15.79,421,0.5,6,80,140,7.028394004,12.9,4764,1803,1494,2701,1555,1550,4,5,1487,120,163,280,0,1,0,50
14.47,405,0.5,6,80,140,7.028394004,12.9,4764,1803,1494,2701,1555,1550,4,5,1505,120,163,250,0,1,0,50
12.98,405,0.5,6,80,140,7.028394004,12.9,4764,1803,1494,2701,1555,1550,4,5,1505,120,163,250,0,1,0,50
12.98,405,0.53,6.4,80,140,7.028394004,12.9,4764,1803,1494,2701,1555,1550,4,5,1505,120,163,250,0,1,0,50
15.29,405,0.53,6.4,80,140,7.028394004,12.9,4764,1803,1494,2701,1555,1550,4,5,1505,120,163,250,0,1,0,50
13.78,405,0.53,6.4,80,140,7.028394004,12.9,4764,1803,1494,2701,1555,1550,4,5,1505,120,163,250,0,1,0,50
16.27,481,0.53,6.4,80,140,7.028394004,12.89,4764,1803,1494,2700,1555,1550,4,5,1520,120,163,250,0,1,0,58
17.07,481,0.6,12,80,140,7.028394004,12.89,4764,1803,1494,2700,1555,1550,4,5,1520,120,163,250,0,1,0,58
17.17,481,0.6,12,80,140,7.028394004,12.89,4764,1803,1494,2700,1555,1550,4,5,1520,120,163,250,0,1,0,58
17.87,481,0.5,9.584863481,80,140,7.028394004,12.89,4764,1803,1494,2700,1555,1550,4,5,1520,120,163,250,0,1,0,58
22.58,407,0.5,9.584863481,79.92343032,160,10,13.6,4490,1874,1613,2750,1585,1585,5,5,1742,114,155,340,0,0,1,52.5
26.58,344,0.5,9.584863481,79.92343032,160,6,16,4490,1874,1613,2750,1585,1585,5,5,1890,228,310,680,0,0,1,52.5
13.88,407,0.5,9.584863481,80,130,10,13.24,4730,1804,1530,2700,1550,1552,4,5,1600,100,136,230,1,0,0,51.8
13.78,415,0.5,10,80,130,10,13.2,4730,1804,1530,2700,1550,1552,4,5,1600,100,136,230,0,1,0,52.56
14.78,415,0.5,10,80,130,10,13.2,4730,1804,1530,2700,1550,1552,4,5,1600,100,136,230,0,1,0,52.56
14.78,407,0.67,10,80,130,10,13.24,4730,1804,1530,2700,1550,1552,4,5,1600,100,136,230,1,0,0,51.8
11.98,480,0.67,10,80,140,7.028394004,13.7,4324,1785,1637,2610,1535,1540,5,5,1575,120,163,280,0,1,0,61.3
12.98,480,0.67,10,80,140,7.028394004,13.7,4324,1785,1637,2610,1535,1540,5,5,1610,120,163,280,0,1,0,61.3
26.7,529,0.7,9.5,80,160,7.4,14.8,4440,1863,1651,2702,1598,1603,5,5,2009,170,231,330,0,1,0,69
28.6,529,0.7,9.5,80,160,7.4,14.8,4440,1863,1651,2702,1598,1603,5,5,2009,170,231,330,0,1,0,69
30.9,420,0.7,9.5,80,180,4.9,17.2,4440,1863,1651,2702,1598,1603,5,5,2153,300,408,660,0,1,0,78
13.48,510,0.75,12.5,80,155,7.028394004,13.1,4818,1880,1530,2750,1600,1602,4,5,1600,150,204,350,0,1,0,58.8
14.48,510,0.5,9.5,80,155,7.028394004,13.1,4818,1880,1530,2750,1600,1602,4,5,1640,150,204,350,0,1,0,58.8
15.78,510,0.5,9.5,80,155,7.028394004,13.1,4818,1880,1530,2750,1600,1602,4,5,1640,150,204,350,0,1,0,58.8
16.78,580,0.5,9.5,80,155,7.028394004,13.6,4818,1880,1552,2750,1600,1602,4,5,1740,150,204,350,0,1,0,69.9
14.18,501,0.75,7,80,185,8.3,13.3,4600,1818,1543,2665,1593.613095,1594.388393,5,5,1560,135,184,280,0,1,0,61.1
15.28,501,0.75,7,80,185,8.3,13.3,4600,1818,1543,2665,1593.613095,1594.388393,5,5,1560,135,184,280,0,1,0,61.1
15.58,501,0.75,7,80,185,8.3,13.3,4600,1818,1543,2665,1593.613095,1594.388393,5,5,1560,135,184,280,0,1,0,61.1
6.98,351,0.75,7,80,105,7.028394004,12.9,4010,1729,1621,2460,1465,1448,5,5,1380,55,75,170,1,0,0,41.7
7.48,351,0.5,9.584863481,80,105,7.028394004,12.9,4010,1729,1621,2460,1465,1448,5,5,1380,55,75,170,1,0,0,41.7
7.98,351,0.5,9.584863481,80,105,7.028394004,12.9,4010,1729,1621,2460,1465,1448,5,5,1380,55,75,170,1,0,0,41.7
8.28,351,0.5,9.584863481,80,105,7.028394004,12.9,4010,1729,1621,2460,1465,1448,5,5,1380,55,75,170,1,0,0,41.7
25.98,570,0.5,9.584863481,80,180,7.028394004,16.7,5016,1909,1796,3000,1642,1644,5,7,2230,180,245,350,0,1,0,90
28.98,550,0.5,9.584863481,80,180,7.028394004,17.3,5016,1909,1796,3000,1642,1644,5,7,2290,180,245,350,0,1,0,90
30.98,550,0.5,9,80,180,7.028394004,17.3,5016,1909,1796,3000,1642,1644,5,7,2360,180,245,350,0,1,0,90
33.98,550,0.5,9,80,180,7.028394004,17.3,5016,1909,1796,3000,1642,1644,5,7,2360,180,245,350,0,1,0,90
35.98,550,0.5,9,80,180,7.028394004,17.3,5016,1909,1796,3000,1642,1644,5,7,2360,180,245,350,0,1,0,90
13.68,421,0.5,9.584863481,80,130,7.028394004,13.8,4755,1802,1503,2700,1550,1552,4,5,1575,100,136,230,1,0,0,51.8
14.58,421,0.5,9.584863481,80,130,7.028394004,13.8,4755,1802,1503,2700,1550,1552,4,5,1575,100,136,230,1,0,0,51.8
15.58,421,0.5,9.584863481,80,150,7.7,13.6,4755,1802,1503,2700,1565,1569,4,5,1535,150,204,240,0,1,0,52.7
14.88,415,0.5,9.584863481,80,130,7.028394004,14.2,4706,1909,1699,2807,1593.613095,1594.388393,5,5,1700,100,136,230,0,1,0,53
14.98,407,0.53,9.584863481,80,130,7.028394004,14.2,4706,1909,1699,2807,1593.613095,1594.388393,5,5,1700,100,136,230,1,0,0,51.8
15.88,410,0.72,9.584863481,80,130,7.028394004,14.2,4706,1909,1699,2807,1593.613095,1594.388393,5,6,1770,100,136,230,0,1,0,53
15.98,407,0.67,9.5,80,130,7.028394004,14.2,4706,1909,1699,2807,1593.613095,1594.388393,5,6,1770,100,136,230,1,0,0,51.8
19.48,500,0.67,9.5,80,175,7.028394004,15.3,4630,1920,1728,2830,1630,1645,5,5,2040,165,224,350,1,0,0,71.8
22.48,520,0.67,9.5,80,175,7.028394004,15.3,4630,1920,1728,2830,1630,1645,5,5,1900,165,224,350,0,1,0,69.9
11.08,490,0.5,9.584863481,80,165,7.028394004,12.7,4705,1790,1435,2700,1549,1558,4,5,1603,135,184,310,0,1,0,56.5
12.58,490,0.609070465,9.584863481,80,165,7.028394004,12.7,4705,1790,1435,2700,1549,1558,4,5,1603,135,184,310,0,1,0,56.5
13.58,490,0.609070465,9.584863481,80,165,7.028394004,12.7,4705,1790,1435,2700,1549,1558,4,5,1603,135,184,310,0,1,0,56.5
9.98,300,0.609070465,9.584863481,79.92343032,100,7.028394004,14.73990223,4490,1615,1915,3050,1386,1408,5,7,1490,60,82,220,1,0,0,41.6
13.88,300,0.609070465,9.584863481,79.92343032,100,7.028394004,14.73990223,4490,1615,1915,3050,1386,1408,5,7,1490,60,82,220,1,0,0,41.6
9.98,300,0.609070465,9.584863481,79.92343032,100,7.028394004,14.73990223,4490,1615,1915,3050,1386,1408,5,2,1420,60,82,220,1,0,0,41.6
9.98,300,0.65,9.5,79.92343032,100,7.028394004,14.73990223,4490,1615,1915,3050,1386,1408,5,2,1420,60,82,220,1,0,0,41.6
13.61,300,0.65,9.5,79.92343032,100,7.028394004,14.73990223,4490,1615,1915,3050,1386,1408,5,5,1440,60,82,220,1,0,0,41.6
13.91,300,0.62,16,79.92343032,100,7.028394004,14.73990223,4490,1615,1915,3050,1386,1408,5,5,1440,60,82,220,1,0,0,41.6
15.77,500,0.53,8.4,80,145,7.028394004,13.1,4264,1767,1618,2675,1514,1526,5,5,1660,130,177,360,0,1,0,55.6
17.77,500,0.53,8.4,80,145,7.028394004,13.1,4264,1767,1618,2675,1514,1526,5,5,1660,130,177,360,0,1,0,55.6
154.56,601,0.5,4.9,80,250,3.5,20,5224,1926,1520,3210,1667,1682,5,5,2705,560,761,1020,0,1,0,111.8
15.8,435,0.609070465,9.584863481,80,150,9.5,14.9,4580,1936,1674,2716,1630,1630,5,5,1770,120,163,280,0,1,0,60.4
16.95,435,0.5,12,80,150,9.5,14.9,4580,1936,1674,2716,1630,1630,5,5,1770,120,163,280,0,1,0,60.4
27.88,440,0.5,12,80,170,5.9,14.73990223,4915,1962,1755,2910,1650,1650,5,5,2220,280,381,452,1,0,0,65
31.88,560,0.5,12,79.92343032,170,5.9,14.73990223,4915,1962,1755,2910,1650,1650,5,5,2210,280,381,452,0,1,0,86
22.98,505,0.65,9.5,80,165.6410256,7.9,15.3,4674,1919,1618,2800,1593.613095,1594.388393,5,5,1897.268636,137,186,410,0,1,0,70
24.98,505,0.65,9.5,80,165.6410256,7.9,15.3,4674,1919,1618,2800,1593.613095,1594.388393,5,5,1840,137,186,410,0,1,0,70
26.98,460,0.55,9,80,165.6410256,4.8,16.7,4674,1919,1618,2800,1593.613095,1594.388393,5,5,1897.268636,222,302,665,0,1,0,70
18.01,505,0.65,9.5,80,170,8.9,13.1,4718,1838,1535,2810,1570,1570,4,5,1649,120,163,240,0,1,0,58.59
19.01,505,0.5,8.5,80,170,8.9,13.1,4718,1838,1535,2810,1570,1570,4,5,1649,120,163,240,0,1,0,58.59
16.01,410,0.5,8.5,80,170,8.9,13,4718,1838,1535,2810,1570,1570,4,5,1649,120,163,240,1,0,0,49.92
17.01,505,0.5,9.584863481,80,170,8.9,13.1,4718,1838,1535,2810,1570,1570,4,5,1649,120,163,240,0,1,0,58.59
10.99,401,0.5,9,80,150,7.028394004,13.7,4650,1820,1520,2670,1555,1560,4,5,1580,120,163,240,0,1,0,50
10.99,401,0.5,9,80,155,7.028394004,13.7,4650,1820,1510,2670,1555,1560,4,5,1600,160,218,300,0,1,0,50
13.94,350,0.5,10,80,150,7.028394004,13.7,4650,1820,1510,2670,1555,1560,4,5,1620,120,163,240,1,0,0,44
12.99,416,0.5,10,80,155,7.028394004,13.3,4650,1820,1510,2670,1555,1560,4,5,1640,160,218,300,0,1,0,50.8
13.99,416,0.5,8,80,155,7.028394004,13.3,4650,1820,1510,2670,1555,1560,4,5,1640,160,218,300,0,1,0,50.8
15.89,501,0.5,8,80,155,7.028394004,13.42,4650,1820,1510,2670,1555,1560,4,5,1680,160,218,300,0,1,0,60.2
17.19,501,0.5,9,80,155,7.028394004,13.42,4650,1820,1510,2670,1555,1560,4,5,1680,160,218,300,0,1,0,60.2
9.98,416,0.5,9,80,155,7.8,13.3,4650,1820,1510,2670,1555,1560,4,5,1640,160,218,300,0,1,0,50.8
10.58,416,0.83,6.5,80,155,7.8,13.3,4650,1820,1510,2670,1555,1560,4,5,1640,160,218,300,0,1,0,50.8
15.89,501,0.83,6.5,80,155,7.8,13.42,4650,1820,1510,2670,1555,1560,4,5,1680,160,218,300,0,1,0,60.2
17.19,501,0.83,6.5,80,155,7.8,13.42,4650,1820,1510,2670,1555,1560,4,5,1680,160,218,300,0,1,0,60.2
16.58,400,0.83,6.5,75,160,7.028394004,13.1,4405,1795,1575,2640,1550,1550,5,5,1780,150,204,300,0,1,0,54.3
16.88,400,0.83,6.5,75,160,7.028394004,13.1,4405,1795,1575,2640,1550,1550,5,5,1780,150,204,300,0,1,0,54.3
17.28,400,0.5,8.5,75,160,7.028394004,13.1,4405,1795,1575,2640,1550,1550,5,5,1780,150,204,300,0,1,0,54.3
18.58,400,0.5,8.5,75,160,7.028394004,13.1,4405,1795,1575,2640,1550,1550,5,5,1780,150,204,300,0,1,0,54.3
18.98,400,0.5,8.5,75,160,7.028394004,13.1,4405,1795,1575,2640,1550,1550,5,5,1780,150,204,300,0,1,0,54.3
27.99,560,0.5,8.5,80,180,7.028394004,17.1,5270,2000,1840,3200,1593.613095,1594.388393,5,7,2310,180,245,350,0,1,0,90
29.99,560,0.5,8.5,80,180,7.028394004,17.1,5270,2000,1840,3200,1593.613095,1594.388393,5,7,2410,180,245,350,0,1,0,90
33.99,560,0.5,8.5,80,180,7.028394004,17.1,5270,2000,1840,3200,1593.613095,1594.388393,5,7,2410,180,245,350,0,1,0,90
34.99,540,0.5,8.5,80,180,7.028394004,17.8,5270,2000,1840,3200,1593.613095,1594.388393,5,6,2410,180,245,350,0,1,0,90
38.99,540,0.5,8.4,80,180,7.028394004,17.8,5270,2000,1840,3200,1593.613095,1594.388393,5,7,2570,180,245,350,0,1,0,90
39.99,540,0.5,8.4,80,180,7.028394004,17.8,5270,2000,1840,3200,1593.613095,1594.388393,5,6,2570,180,245,350,0,1,0,90
41.99,540,0.67,9.5,80,180,7.028394004,17.8,5270,2000,1840,3200,1593.613095,1594.388393,5,6,2570,180,245,350,0,1,0,90
16.08,403,0.5,11,80,160,8.3,14.1,4585,1835,1672,2703,1563,1558,5,5,1750,160,218,225,0,1,0,52.7
16.98,403,0.5,11,80,160,8.3,14.1,4585,1835,1672,2703,1563,1558,5,5,1761,160,218,225,0,1,0,52.7
17.98,460,0.5,9.5,80,160,8.3,13.8,4585,1835,1672,2703,1563,1558,5,5,1765,160,218,225,0,1,0,57.1
88,670,0.5,9.5,80,210,5,14.73990223,4900,1968,1627,2985,1673,1655,5,5,2584,360,489,840,0,1,0,111
103,620,0.5,9.5,80,210,4.7,14.73990223,4900,1968,1627,2985,1673,1655,5,5,2670,380,517,910,0,1,0,111
14.68,502,0.5,12,80,185,7.028394004,12.9,4722,1835,1493,2715,1562,1571,4,5,1575,135,184,280,0,1,0,61.1
15.78,502,0.5,12,80,185,7.028394004,12.9,4722,1835,1493,2715,1562,1571,4,5,1575,135,184,280,0,1,0,61.1
17.98,502,0.609070465,9.584863481,80,185,7.028394004,12.9,4722,1835,1493,2715,1562,1571,4,5,1575,135,184,280,0,1,0,61.1
15.98,605,0.609070465,9.584863481,80,185,7.028394004,12.9,4724,1835,1493,2715,1562,1571,4,5,1575,135,184,280,0,1,0,69.9
17.08,605,0.5,8,80,185,7.028394004,12.9,4724,1835,1493,2715,1562,1571,4,5,1575,135,184,280,0,1,0,69.9
17.67,410,0.5,8,79.92343032,165,7.028394004,12.9,4660,1780,1456,2700,1549,1558,4,5,1570,135,184,310,0,1,0,48.6
18.67,410,0.5,10,79.92343032,165,7.028394004,12.9,4660,1780,1456,2700,1549,1558,4,5,1570,135,184,310,0,1,0,48.6
13.98,400,0.5,8,80,120,13,12.9,4675,1835,1480,2750,1570,1570,4,5,1470,60,82,170,0,1,0,47
14.68,400,0.5,10,80,120,13,12.9,4675,1835,1480,2750,1570,1570,4,5,1470,110,150,225,0,1,0,47
15.98,500,0.5,10,80,120,10,12.9,4675,1835,1480,2750,1570,1570,4,5,1570,110,150,225,0,1,0,60
16.98,400,0.5,10,80,120,13,12.9,4675,1835,1480,2750,1570,1570,4,5,1460,60,82,170,0,1,0,47
17.38,500,0.5,10,80,120,10,12.9,4675,1835,1480,2750,1570,1570,4,5,1570,110,150,225,0,1,0,60
18.38,500,0.5,13,80,120,10,12.9,4675,1835,1480,2750,1570,1570,4,5,1570,110,150,225,0,1,0,60
18.68,500,0.67,9.584863481,80,120,10,12.9,4675,1835,1480,2750,1570,1570,4,5,1570,110,150,225,0,1,0,60
19.98,450,0.67,9.584863481,80,140,5.8,14.8,4675,1835,1480,2750,1570,1570,4,5,1680,170,231,395,0,1,0,60
16.08,510,0.83,6.5,80,200,7.028394004,15,4630,1910,1655,2830,1620,1620,5,5,1790,150,204,295,0,1,0,70.1
60.28,500,0.83,6.5,80,200,5.7,20.4,4902,1935,1618,2928,1593.613095,1594.388393,5,5,2630,300,408,664,0,1,0,95
65.68,500,0.83,6.5,80,200,5.7,20.4,4902,1935,1618,2928,1593.613095,1594.388393,5,5,2630,300,408,664,0,1,0,95
14.58,400,0.67,9.584863481,75,160,7.028394004,13.1,4405,1795,1575,2640,1550,1550,5,5,1780,150,204,300,0,1,0,54.3
13.78,400,1.3,16,75,160,7.028394004,13.1,4405,1795,1575,2640,1550,1550,5,5,1780,150,204,300,0,1,0,54.3
17.38,400,1.3,16,75,160,7.028394004,13.1,4405,1795,1575,2640,1550,1550,5,5,1780,150,204,300,0,1,0,54.3
14.48,310,0.67,9.5,79.92343032,100,7.028394004,15.1,4610,1750,1860,2850,1485,1505,5,5,1490,60,82,220,1,0,0,42.34
14.98,310,0.67,9.5,79.92343032,100,7.028394004,15.1,4610,1750,1860,2850,1485,1505,5,5,1500,60,82,220,1,0,0,42.34
15.98,310,0.67,9.5,79.92343032,100,7.028394004,15.1,4610,1750,1860,2850,1485,1505,5,6,1500,60,82,220,1,0,0,42.34
19.38,520,0.67,11.9,80,165.6410256,7.9,14.1,4620,1847,1730,2715,1570,1565,5,5,1897.268636,160,218,225,0,1,0,66.23
21.38,520,0.58,13,80,165.6410256,7.9,14.1,4620,1847,1730,2715,1570,1565,5,5,1897.268636,160,218,225,0,1,0,66.23
23.38,520,0.58,13,80,165.6410256,7.9,14.1,4620,1847,1730,2715,1570,1565,5,5,1897.268636,160,218,225,0,1,0,66.23
25.98,620,0.58,13,80,165.6410256,8.8,14.1,4620,1847,1730,2715,1570,1565,5,5,1897.268636,160,218,225,0,1,0,82.71
14.99,401,0.58,13,80,100,7.028394004,16.1,5135,1720,1990,3000,1445,1420,4,7,2020,90,122,300,1,0,0,68.4
15.19,401,0.58,13,80,100,7.028394004,16.1,5135,1720,1990,3000,1445,1420,4,9,2020,90,122,300,1,0,0,68.4
15.99,401,0.58,13,80,100,7.028394004,16.1,5135,1720,1990,3000,1445,1420,4,7,2020,90,122,300,1,0,0,68.4
15.99,401,0.58,13,80,100,7.028394004,16.1,5135,1720,1990,3000,1445,1420,4,7,2020,90,122,300,1,0,0,68.4
16.19,401,0.609070465,9.5,80,100,7.028394004,16.1,5135,1720,1990,3000,1445,1420,4,9,2020,90,122,300,1,0,0,68.4
16.99,401,0.58,12,80,100,7.028394004,16.1,5135,1720,1990,3000,1445,1420,4,7,2020,90,122,300,1,0,0,68.4
17.39,401,0.58,12,80,100,7.028394004,16.1,5135,1720,1990,3000,1445,1420,4,9,2020,90,122,300,1,0,0,68.4
16.88,520,0.58,12,79.92343032,165,7.028394004,12.5,4815,1815,1470,2770,1593.613095,1594.388393,4,5,1610,135,184,310,0,1,0,56.5
17.88,520,0.58,12,79.92343032,165,7.028394004,12.5,4815,1815,1470,2770,1593.613095,1594.388393,4,5,1610,135,184,310,0,1,0,56.5
19.38,520,0.58,12,79.92343032,165,7.028394004,12.5,4815,1815,1470,2770,1593.613095,1594.388393,4,5,1610,135,184,310,0,1,0,56.5
17.18,510,0.58,12,80,160,7.028394004,18.1,4825,1825,1778,2800,1560,1570,5,5,1800,130,177,310,0,1,0,70
17.48,510,0.58,8,80,160,7.028394004,18.1,4825,1825,1778,2800,1560,1570,5,6,1800,130,177,310,0,1,0,70
18.18,510,0.58,8,80,160,7.028394004,18.1,4825,1825,1778,2800,1560,1570,5,5,1800,130,177,310,0,1,0,70
18.48,510,0.58,8,80,160,7.028394004,18.1,4825,1825,1778,2800,1560,1570,5,6,1800,130,177,310,0,1,0,70
20.18,510,0.58,8,80,160,7.028394004,18.1,4825,1825,1778,2800,1560,1570,5,5,1800,130,177,310,0,1,0,70
20.48,510,0.58,8,80,160,7.028394004,18.1,4825,1825,1778,2800,1560,1570,5,6,1800,130,177,310,0,1,0,70
17.18,420,0.5,8.5,80,170,7.028394004,15.9,4825,1825,1778,2800,1560,1570,5,5,1800,130,177,310,0,1,0,61
17.18,420,0.5,8.5,80,170,7.028394004,15.9,4825,1825,1778,2800,1560,1570,5,7,1800,130,177,310,0,1,0,61
17.84,420,0.63,11,80,170,7.028394004,15.9,4825,1825,1778,2800,1560,1570,5,7,1800,130,177,310,0,1,0,61
20.48,420,0.63,11,80,170,7.028394004,15.9,4825,1825,1778,2800,1560,1570,5,5,1800,130,177,310,0,1,0,61
20.78,420,0.609070465,9.584863481,80,170,7.028394004,15.9,4825,1825,1778,2800,1560,1570,5,7,1800,130,177,310,0,1,0,61